{"bias":[12.7348175],"weights":[-0.4863004,0.8238553,0.38748848,1.0965914,-0.21729517,-0.11520065,0.15439805,5.875239,0.42440963]}