{"weights":[-0.42891076,0.8824029,0.50297797,0.7651808,-0.55503476,0.07417558,-0.22405714,5.54263,5.250159],"bias":[40.43926]}