{"weights":[0.9219633,0.043754283,-0.1528186],"bias":[8.4765005]}