{"precision":10,"bits":4,"hashlist_smallest_maximal_cardinality":414,"hashlist_mean_maximal_cardinality":671,"hashlist_largest_maximal_cardinality":1326,"hashlist_relative_errors":[0.0,0.10353647227918827,0.610376027649238,2.1233451074302443,7.92488399836634,12.789176218020657,19.32532755537727,26.636799650849184,34.7821724101143,43.1089012761139,52.554381985138434,61.86775503098795,72.3637198872591,82.30443387514549,95.10761173847993,107.69633367708207,119.91330226933701,135.10841316966275,152.6388634188039,172.7855136914785],"hyperloglog_relative_errors":[],"hashlist_cardinalities":[0,310,373,413,462,491,527,564,602,638,676,711,748,781,821,858,892,932,964,1006],"hyperloglog_cardinalities":[],"hyperloglog_slope":1.0}