{"precision":10,"bits":4,"hashlist_smallest_maximal_cardinality":414,"hashlist_mean_maximal_cardinality":671,"hashlist_largest_maximal_cardinality":1326,"hashlist_relative_errors":[0.0,0.10353647227918827,0.610376027649238,2.1233451074302443,7.92488399836634,12.789176218020657,19.32532755537727,26.636799650849184,34.7821724101143,43.1089012761139,52.554381985138434,61.86775503098795,72.3637198872591,82.30443387514549,95.10761173847993,107.69633367708207,119.91330226933701,135.10841316966275,152.6388634188039,172.7855136914785],"hyperloglog_relative_errors":[-259.9532326343752,-185.19531760996892,-137.48982862293064,-98.79643978946284,-70.8660094570711,-52.247961960927384,-34.236255450897744,-22.67885799257774,-13.894199116466812,-7.9216859401606685,-2.2473422365083984,3.7449038243563075,6.200088679139481,7.19974008765744,17.235975527645678,16.899103422117758,18.487753372988497,19.46576260532356,18.75384581372782,21.174569037788025,21.519036102160044],"hashlist_cardinalities":[0,310,373,413,462,491,527,564,602,638,676,711,748,781,821,858,892,932,964,1006],"hyperloglog_cardinalities":[1428,1675,1916,2144,2381,2604,2826,3044,3348,3568,3836,4281,4554,4786,7805,8132,8824,9113,9778,10016,10226],"hyperloglog_slope":0.9978897935198809}