{"precision":10,"bits":5,"hashlist_smallest_maximal_cardinality":1448,"hashlist_mean_maximal_cardinality":671,"hashlist_largest_maximal_cardinality":1840,"hashlist_relative_errors":[-0.4999999218750122,-0.9876801006211053,-0.7934806967379018,-0.554503635902563,0.7013015944565666,9.171164745718329,17.636046108467212,29.041564691027475,41.18575288182649,54.248832934061625,67.28271686110634,81.02270154851237,96.46224725897639,113.41716413081542,130.39310855102076,149.31883221486373,173.87232165316345,196.33299861117712,222.04499969641154,240.59817285388704,264.59057255087487,298.08248424202736,323.77487852819655,342.5382241237303],"hyperloglog_relative_errors":[],"hashlist_cardinalities":[0,298,405,439,481,519,577,629,679,728,773,817,863,910,954,1000,1042,1090,1140,1189,1232,1276,1312,1348],"hyperloglog_cardinalities":[],"hyperloglog_slope":1.0021243487636975}