{"precision":10,"bits":5,"hashlist_smallest_maximal_cardinality":1467,"hashlist_mean_maximal_cardinality":671,"hashlist_largest_maximal_cardinality":1856,"hashlist_relative_errors":[0.0,0.0712641437946786,0.40746668747488,1.684002340750368,10.053096578292752,21.077646606049314,30.028970385949037,42.43577572463812,55.24665628342939,68.28618706387397,83.32448438346398,98.17226134016755,115.18373556963616,131.41799012651768,150.35816117030072,174.68459769912852,192.49227375863666,215.32670967867375,239.51209606214002,263.9808348284878,296.86737864037406,321.3723200418057,342.33637506856667],"hyperloglog_relative_errors":[],"hashlist_cardinalities":[0,367,436,481,519,575,629,680,728,773,821,865,912,954,1000,1043,1093,1139,1185,1229,1269,1309,1346],"hyperloglog_cardinalities":[],"hyperloglog_slope":1.0}