{"precision":10,"bits":6,"hashlist_smallest_maximal_cardinality":1938,"hashlist_mean_maximal_cardinality":671,"hashlist_largest_maximal_cardinality":2413,"hashlist_relative_errors":[0.0,0.09382078541779038,1.2528415303122529,7.110902600798909,16.839366449858858,26.082411580753842,37.380881833638455,48.8016055015114,60.79512970638211,79.82441435194562,100.94282426497654,122.3331478238074,145.0507197067144,168.92402813120793,197.47681331095282,224.02061155206036,251.78860185230428,281.87195046771933,315.4776011546518,352.93437837864167,391.36035277762676,431.43630719549753,476.6898708323788,520.8291186051376,562.4099914698452],"hyperloglog_relative_errors":[],"hashlist_cardinalities":[0,444,528,571,617,657,702,744,785,825,891,946,1004,1054,1116,1169,1218,1270,1322,1378,1434,1485,1545,1590,1641],"hyperloglog_cardinalities":[],"hyperloglog_slope":1.0}