{"precision":10,"bits":6,"hashlist_smallest_maximal_cardinality":1938,"hashlist_mean_maximal_cardinality":671,"hashlist_largest_maximal_cardinality":2413,"hashlist_relative_errors":[0.0,0.09382078541779038,1.2528415303122529,7.110902600798909,16.839366449858858,26.082411580753842,37.380881833638455,48.8016055015114,60.79512970638211,79.82441435194562,100.94282426497654,122.3331478238074,145.0507197067144,168.92402813120793,197.47681331095282,224.02061155206036,251.78860185230428,281.87195046771933,315.4776011546518,352.93437837864167,391.36035277762676,431.43630719549753,476.6898708323788,520.8291186051376,562.4099914698452],"hyperloglog_relative_errors":[-66.60729503138812,-62.36803140480365,-48.00370427766058,-33.9417514215371,-23.98837284227684,-15.01989179364235,-10.992668368339599,-5.321635797621345,-2.8228421173971583,0.7815157434497451,4.268022443407517,6.372137972130531,6.905714036395087,9.663512841712873,10.564445081153334,18.42043514782017,19.701260273298978,20.599693519511373,21.205894587892804,21.319098727718664],"hashlist_cardinalities":[0,444,528,571,617,657,702,744,785,825,891,946,1004,1054,1116,1169,1218,1270,1322,1378,1434,1485,1545,1590,1641],"hyperloglog_cardinalities":[2208,2445,2663,2875,3068,3281,3474,3685,3884,4108,4363,4577,4770,5302,5569,8919,9250,9715,10016,10212],"hyperloglog_slope":0.9979019616816605}