{"precision":11,"bits":4,"hashlist_smallest_maximal_cardinality":830,"hashlist_mean_maximal_cardinality":671,"hashlist_largest_maximal_cardinality":2512,"hashlist_relative_errors":[0.0,0.19430352632684844,0.4956838995340149,1.1665398131755182,2.715909333565776,4.127976017666015,12.26194738483855,22.289456271782342,34.773146538973606,49.14796786595002,63.47151516553981,79.80158629288712,96.6138982225591,114.85879641780048,133.19033856312058,159.31179600860082,176.37332634914446,199.298014481456,229.30330697196428,257.04934283812327,285.5718409359072,316.12801554718044,339.7677047971797],"hyperloglog_relative_errors":[-530.5936554893668,-376.4260367361347,-271.45623856689474,-209.95867451601183,-154.42035834370677,-114.87599166369087,-84.49261495526073,-59.85213877102148,-37.79278309035453,-22.68038866075574,-10.372579708690008,-8.618270782210857,-1.159588295865736,5.053812832285158,6.533430536893017,13.027380691302824,13.200816234328158,14.322985165705697,14.395263424040422,17.470973016661446,16.661305855445487,17.172770034213592,16.537168849834416,20.606430726158578,19.3003274248058,19.640421544579503,23.712210544948903,21.416044581441383],"hashlist_cardinalities":[0,609,671,735,785,838,893,955,1026,1101,1170,1243,1313,1384,1451,1520,1595,1665,1729,1807,1881,1946,2017],"hyperloglog_cardinalities":[2847,3308,3789,4226,4678,5102,5532,6069,6632,7111,7624,8057,8598,9472,10019,12021,12945,13381,13843,14755,15428,15980,16403,17391,18101,18679,19659,20479],"hyperloglog_slope":0.9989886266077472}