{"precision":11,"bits":4,"hashlist_smallest_maximal_cardinality":2130,"hashlist_mean_maximal_cardinality":2310,"hashlist_largest_maximal_cardinality":2497,"hashlist_relative_errors":[0.0,0.6402851237187784,10.0762202263606,50.21862809850063,100.53979798990474,152.25166087128974,208.31349580977752,271.0378166594925,324.7026131514972],"hyperloglog_relative_errors":[-550.8052520668206,-492.17910415542,-444.5472903717448,-384.31929365341813,-348.09601614085636,-306.2395131601538,-280.1474290786716,-238.02023972130655,-220.76185416528887,-185.0809183619599,-171.0104450562268,-148.59906522831034,-125.03436468974178,-114.92341411870751,-97.9650848781589,-78.99521238907498,-67.6119868068394,-61.883211744130676,-45.078692479782696,-39.92994512610051,-38.06190107327693,-31.048201757638253,-18.633330323901646,-11.01033592183694,-8.846797300830303,3.0389042768956642,1.9890172395298578,5.435355283242643,6.7157616400558515,6.79437482865275,24.984041750834876,16.19741060148499,23.526695053071307,20.751627686953725,21.667626726068193,22.67342490040169,22.03679998158389,21.403766739563554,30.388477373962814,20.279045988565485],"hashlist_cardinalities":[0,470,992,2413,2825,3976,5264,5714,7311],"hyperloglog_cardinalities":[2895,17560,24411,15273,23417,23376,13960,48072,18226,80933,57892,33463,54729,32327,261377,63250,46250,647506,134734,51139,82752,143708,862248,93337,54300,278519,1114078,101783,183061,94811,1422171,719283,373715,73788,216550,138649,196499,475123,2850739,2850739],"hyperloglog_slope":0.9988922089927715}