{"precision":11,"bits":4,"hashlist_smallest_maximal_cardinality":830,"hashlist_mean_maximal_cardinality":671,"hashlist_largest_maximal_cardinality":2512,"hashlist_relative_errors":[0.0,0.19430352632684844,0.4956838995340149,1.1665398131755182,2.715909333565776,4.127976017666015,12.26194738483855,22.289456271782342,34.773146538973606,49.14796786595002,63.47151516553981,79.80158629288712,96.6138982225591,114.85879641780048,133.19033856312058,159.31179600860082,176.37332634914446,199.298014481456,229.30330697196428,257.04934283812327,285.5718409359072,316.12801554718044,339.7677047971797],"hyperloglog_relative_errors":[],"hashlist_cardinalities":[0,609,671,735,785,838,893,955,1026,1101,1170,1243,1313,1384,1451,1520,1595,1665,1729,1807,1881,1946,2017],"hyperloglog_cardinalities":[],"hyperloglog_slope":1.0}