{"precision":11,"bits":5,"hashlist_smallest_maximal_cardinality":3000,"hashlist_mean_maximal_cardinality":671,"hashlist_largest_maximal_cardinality":3507,"hashlist_relative_errors":[-0.4999999218750122,-0.8017565416884622,1.374395264641464,23.31202059791705,60.47205174432463,109.5850710778086,163.6463254489184,224.3176655290224,292.71636219485436,372.7662262261905,461.17481438972845,563.610450693412,638.3997230501086],"hyperloglog_relative_errors":[-321.88129812543974,-322.7094507665699,-278.17716280298635,-244.6162285981619,-222.17491821969332,-194.91379924361263,-171.72943865625945,-158.61037264066636,-137.22256122237013,-118.26125360285891,-95.8221568403622,-82.79618784569425,-75.07033613108024,-65.11210970708767,-52.82167037628119,-44.45711186018707,-39.5769822212435,-30.527830432398606,-23.73264976399878,-18.854272835467327,-11.922118079805387,-8.133224891371356,-4.755073516847347,2.367463713223151,6.937054052203745,11.97985699470913,15.132165805855834,23.669186894877107,28.492897576798715,28.61124532611393,32.9887179467539,34.1943535742052,73.80860287731593,74.94559085798664,81.39665515002505,82.61308514396504,83.1508361901706,85.75594540662496,92.55147461501717,97.09902945621809,97.45741409478458,98.9577292340451,99.92778114489192,100.65583041328136],"hashlist_cardinalities":[0,393,917,1961,2430,3534,4772,6142,7641,9274,11042,12946,14926],"hyperloglog_cardinalities":[3598,26503,14768,28983,26632,30235,25609,62953,31250,58591,26256,76440,155769,33679,51660,209811,40822,54930,45536,322221,325835,329518,48150,160273,80097,153736,65590,54360,257720,1288604,126356,163548,1471937,380460,184676,135202,955348,964411,655723,82692,201656,300446,617122,3085610],"hyperloglog_slope":0.9934522515571743}