{"precision":11,"bits":5,"hashlist_smallest_maximal_cardinality":3000,"hashlist_mean_maximal_cardinality":671,"hashlist_largest_maximal_cardinality":3510,"hashlist_relative_errors":[0.0,0.14653997827451803,0.7979076018306159,2.9964288642117936,19.534584049720934,39.966227130626976,60.72642145037071,84.58358216140323,109.46327749348097,135.49916642739026,161.66533108669148,191.58215663191413,222.3875225795423,257.4176343886911,291.6681236434656,327.84104211928116,368.4313347451762,411.23565895070783,455.48030674117126,506.3920764980603,561.9917288012073,617.1752295580146,656.8508060710578],"hyperloglog_relative_errors":[-327.086373003634,-248.19445300402884,-185.06127357949657,-133.1646874638419,-88.66682198042872,-66.44396020299492,-53.736927940005444,-35.615160095735035,-19.38451642827716,-9.126223111205897,-1.161158465860429,5.181376538343466,6.790498034179816,8.161561932198431,15.74536608904782,16.614660606906092,17.205859874212962,16.948024297195843,20.66705595921667,18.957358234470302,19.854989555904798,20.371974782271717,23.57773133160663,21.34121043090272],"hashlist_cardinalities":[0,727,863,954,1028,1134,1230,1326,1425,1514,1600,1690,1776,1866,1955,2034,2125,2213,2301,2390,2492,2573,2653],"hyperloglog_cardinalities":[3552,3971,4402,4910,5360,5770,6191,6607,7332,7929,8598,9473,10019,10478,14506,15400,15878,16368,17391,18101,18629,19065,19659,20479],"hyperloglog_slope":0.9989856731042327}