{"precision":11,"bits":5,"hashlist_smallest_maximal_cardinality":3000,"hashlist_mean_maximal_cardinality":671,"hashlist_largest_maximal_cardinality":3510,"hashlist_relative_errors":[0.0,0.14653997827451803,0.7979076018306159,2.9964288642117936,19.534584049720934,39.966227130626976,60.72642145037071,84.58358216140323,109.46327749348097,135.49916642739026,161.66533108669148,191.58215663191413,222.3875225795423,257.4176343886911,291.6681236434656,327.84104211928116,368.4313347451762,411.23565895070783,455.48030674117126,506.3920764980603,561.9917288012073,617.1752295580146,656.8508060710578],"hyperloglog_relative_errors":[],"hashlist_cardinalities":[0,727,863,954,1028,1134,1230,1326,1425,1514,1600,1690,1776,1866,1955,2034,2125,2213,2301,2390,2492,2573,2653],"hyperloglog_cardinalities":[],"hyperloglog_slope":1.0}