{"precision":11,"bits":6,"hashlist_smallest_maximal_cardinality":3958,"hashlist_mean_maximal_cardinality":671,"hashlist_largest_maximal_cardinality":4650,"hashlist_relative_errors":[0.0,0.10969007721973867,0.5017228905187494,2.2620240889300476,18.97633101769452,37.5148721241427,56.5538581337953,78.3274566335781,106.3831624746656,135.0215783650906,160.35030347283907,195.60226203258378,235.53475520774714,278.4931390562708,324.92578469020305,376.48877002869244,424.64989280688064,479.89293426896324,538.4841218425006,607.3042281120258,671.8553521218353,741.9341212492825,815.7701928385552,896.1369230560908,994.4763985284294,1069.8066063597755],"hyperloglog_relative_errors":[-165.23735097843038,-130.07779888732375,-101.23585371475542,-83.60452838967285,-57.77122937361519,-39.54813654940363,-22.968314962722236,-11.848058478213412,-8.97810982353467,-1.058474716297375,4.690394063919275,6.169058237800186,11.526667881585215,18.819046953220095,17.142574593748577,19.371651974758464,19.838704984400465,20.188415740839684,20.942682244035193,23.528828975529905,21.350132748400938],"hashlist_cardinalities":[0,830,968,1055,1134,1221,1302,1389,1476,1587,1668,1759,1867,1971,2079,2193,2286,2391,2493,2608,2708,2810,2909,3016,3125,3217],"hyperloglog_cardinalities":[4410,4886,5270,5657,6069,6531,7003,7631,8025,8598,9357,9797,11793,17014,17411,17961,18490,18874,19469,19957,20479],"hyperloglog_slope":0.9989870554809461}