{"precision":11,"bits":6,"hashlist_smallest_maximal_cardinality":3962,"hashlist_mean_maximal_cardinality":671,"hashlist_largest_maximal_cardinality":4634,"hashlist_relative_errors":[-0.4999999218750122,-0.9437363101363871,0.9650691390021848,27.235344518870818,66.14550501626212,108.99565064572079,159.66701411226177,223.45746046248632,290.41813107888976,361.807742716489,441.56744868556825,526.2305663063406,620.0785687383773,725.6605209296472,841.6259622716069,994.90086512647,1078.363174279533],"hyperloglog_relative_errors":[-141.83814372209372,-175.79733576715358,-154.422495278091,-130.67578650741507,-116.7443586027839,-99.96786854458696,-81.98188673869254,-68.70684494241232,-55.22905147924959,-44.11708739509484,-30.157197531120193,-20.788413473216018,-8.395419213120071,0.29230016651930174,5.325181054263339,13.875010660052066,16.633778001884274,20.838262538187337,23.703002120259246,25.79913901781565,29.986299578707207,30.853455620776913,33.08042208922825,40.009821461144384,42.12561814803567,71.20715832108665,73.19584813267527,75.76080380975426,76.47934910300489,77.99284893650686,76.55558726984964,79.17408808673524,80.70117067606124,82.03301210921563,87.05015942950195,86.44454809480521,101.31553619344777],"hashlist_cardinalities":[0,1,855,1985,3024,4181,5461,8542,9912,11387,12967,14649,16434,18326,20325,12810,27794],"hyperloglog_cardinalities":[4454,14695,58728,33782,270263,38494,43425,119686,45284,50872,81821,50871,68644,109327,655965,137902,76649,261415,95254,94120,36366,167724,176574,711800,139697,522901,533777,88647,130482,200372,2404472,812944,286422,2577805,530215,2651076,2651076],"hyperloglog_slope":0.9934806013797937}