{"precision":12,"bits":4,"hashlist_smallest_maximal_cardinality":4331,"hashlist_mean_maximal_cardinality":671,"hashlist_largest_maximal_cardinality":4876,"hashlist_relative_errors":[-0.5,-0.6863840336857265,0.8523940491774056,13.11890497617325,52.46089808492161,91.11469836479455,135.92882860537625,185.12193183429812,237.632785115939,296.64560350241453,362.70829770323763,432.74009808092114,512.5523623232025,621.4989107852049,666.0941862216814],"hyperloglog_relative_errors":[-1120.7009140012706,-1040.536172209714,-961.1611396337585,-880.4389397918457,-800.866421856852,-739.4240292216097,-690.4848046905456,-641.4980573103398,-596.4273136694668,-547.2556833333647,-513.6830228010518,-489.18940015576965,-461.0369957147016,-431.186690233003,-402.2003882668339,-371.44204352350243,-340.6010390671381,-317.9007107562353,-288.58849550408314,-267.9631980467041,-240.0101646656558,-226.2744124557168,-209.15416867932652,-190.15540386058365,-173.82710219279033,-165.41561504619858,-145.48875853839107,-119.52357096908383,-103.63469662874559,-86.37289647597832,-73.01644291771997,-67.70841136509989,-57.81710059605151,-40.16907026459706,-37.919773394773074,-32.82562426556634,-29.626256772869965,-24.89137294322427,-20.066019974347,-14.807494580177567,-3.506245270878329,0.31178849245588935,2.7576837005690322,18.972764529231426,57.48453518088172,61.34952201584383,59.9027252507159,60.69084688736075,64.74153623206075,66.07301375015668,74.77550866638921,72.76896231003957,74.43260209813064,74.59217761724965,78.95235069714809,81.1556393401479,99.58615884768369],"hashlist_cardinalities":[0,611,1356,1886,5102,6570,8183,9937,11826,13857,16029,18340,20801,13686,82117],"hyperloglog_cardinalities":[5759,36712,40951,25975,44143,41032,56800,35023,35032,76528,42291,84539,174811,137704,69196,131939,226239,70510,265222,122418,222143,186256,94571,182696,228387,1141939,137471,88978,365534,220233,140987,573168,203672,180246,998890,119674,1144662,584193,2336775,403243,818274,424231,212804,1394017,1410250,2820500,431156,779439,3117758,651120,3255603,840759,146965,1493879,440998,4850988,4850988],"hyperloglog_slope":0.9951001054077969}