{"precision":12,"bits":4,"hashlist_smallest_maximal_cardinality":4331,"hashlist_mean_maximal_cardinality":671,"hashlist_largest_maximal_cardinality":4890,"hashlist_relative_errors":[0.0,0.2095407756401073,0.9970010323449969,2.617521498650376,7.825779109431892,26.419527882457487,47.70102447949921,73.25176839670985,99.96012489311329,129.55438459065272,161.6637932631504,194.1334416057639,229.57908774402972,266.9007774397801,307.5899886629163,350.72439394762796,397.41528784691286,442.91663599991125,496.2113672337034,554.6304369428199,625.8127476126451,662.4935573158277],"hyperloglog_relative_errors":[],"hashlist_cardinalities":[0,1125,1337,1471,1646,1764,1888,2034,2173,2314,2456,2596,2732,2868,3003,3147,3291,3423,3564,3713,3877,3996],"hyperloglog_cardinalities":[],"hyperloglog_slope":1.0}