{"precision":12,"bits":4,"hashlist_smallest_maximal_cardinality":4331,"hashlist_mean_maximal_cardinality":671,"hashlist_largest_maximal_cardinality":4890,"hashlist_relative_errors":[0.0,0.2095407756401073,0.9970010323449969,2.617521498650376,7.825779109431892,26.419527882457487,47.70102447949921,73.25176839670985,99.96012489311329,129.55438459065272,161.6637932631504,194.1334416057639,229.57908774402972,266.9007774397801,307.5899886629163,350.72439394762796,397.41528784691286,442.91663599991125,496.2113672337034,554.6304369428199,625.8127476126451,662.4935573158277],"hyperloglog_relative_errors":[-1074.4894952496331,-766.2840964391862,-580.821901137706,-440.8289206008081,-322.08638785096394,-226.334603777026,-171.3656754383207,-120.69757042582508,-85.88106779478353,-58.90984469171805,-32.04597853742759,-17.0179793715497,-7.764295170109835,1.6333001551184165,10.427083426904574,12.273086934831735,16.637675566319075,16.841752377684518,22.191191959364613,21.54786524555584,22.69095478837375],"hashlist_cardinalities":[0,1125,1337,1471,1646,1764,1888,2034,2173,2314,2456,2596,2732,2868,3003,3147,3291,3423,3564,3713,3877,3996],"hyperloglog_cardinalities":[5705,6592,7471,8365,9222,10186,11182,12118,13007,13891,15141,16621,17840,19167,22983,24225,28675,29534,37695,39251,40278],"hyperloglog_slope":0.9995091888082687}