{"precision":12,"bits":5,"hashlist_smallest_maximal_cardinality":6108,"hashlist_mean_maximal_cardinality":671,"hashlist_largest_maximal_cardinality":6850,"hashlist_relative_errors":[-0.5,-0.9064439662040513,-0.49617534686058207,2.2586618607774653,14.671464142498053,57.46523015339926,106.8732347244586,173.7126697462351,246.32483658180777,327.45632258063097,417.2993155350391,513.8187556435732,618.2717269194412,737.9782602340329,863.752777323828,997.7242913273797,1109.4393395524405,1229.7738947539585],"hyperloglog_relative_errors":[-679.5782406184093,-683.3875691204236,-616.8927309704537,-569.5552592421085,-529.834438138187,-478.29791093037784,-427.1823584579297,-385.73747955067165,-353.9271757889742,-314.55576381120045,-276.232508846304,-257.2055465933906,-234.00547493498107,-202.40210956303036,-169.71238914219066,-159.94835251707627,-141.24363494275167,-136.08549608953672,-127.2365096037726,-115.55342309387296,-97.61677561540455,-86.25549656137203,-79.0471210665296,-61.46207157137478,-57.59560355270587,-47.56459435042507,-32.06831159656455,-29.715777339782107,-22.907447134398222,-20.196805460758696,-14.552027168473225,-0.7996997620211914,-0.8460046462205355,2.606353700521504,3.328713099914239,5.056221814093078,9.822512320235727,41.332757892694644,43.997934848592195,52.051818769872625,52.8491803804849,54.09614334990723,56.42154573760308,58.04488105855016,57.5522199128518,62.90104473078827,81.57746129598236,85.09386698918995,88.35550246234561,92.4975207317344,93.34882088904487,99.25109432755562,101.62390799880086],"hashlist_cardinalities":[0,1,787,1790,2840,6811,6200,8048,10071,12273,14651,17199,19918,22814,25882,23039,26812,17965],"hyperloglog_cardinalities":[7196,57716,101351,67168,54972,71199,113432,120278,68348,86460,307705,212031,166986,76695,61854,927821,240975,80072,381845,115516,1270680,222837,344374,94267,331871,836986,291836,883273,78487,2197651,328163,587762,2351051,251677,1267668,1277062,146309,1477151,1491692,2983385,621783,288117,888421,384656,668290,4009743,832261,725381,2195626,257261,890774,1808706,5426118],"hyperloglog_slope":0.9950422727954776}