{"precision":12,"bits":5,"hashlist_smallest_maximal_cardinality":6085,"hashlist_mean_maximal_cardinality":671,"hashlist_largest_maximal_cardinality":6845,"hashlist_relative_errors":[0.0,0.09385714526729316,0.32647211975881874,0.6958001876494109,1.6181795223963036,7.9618677963117985,39.06148992318572,76.41449302683304,117.52488498607454,161.36220679051257,210.28374007714388,261.57798671726005,314.4304812232592,372.38794788989617,433.37807043239013,496.90455781528726,565.9815100639344,639.8156916913822,716.3116442750484,799.646680452192,888.6261805111149,981.8550509967381,1051.8101289611668,1152.4035377577068,1247.99204882476],"hyperloglog_relative_errors":[-666.2883867276713,-501.1737705978491,-370.7031742481437,-290.5819626084294,-209.42878572870723,-158.26333982339222,-108.4113748109751,-75.85614463867894,-53.0617385357948,-30.61371090475365,-17.205553161120253,-11.70136979952349,-0.8714413261579163,-0.20734426539274864,6.963016504334849,19.781730365517433,20.375416399241658,20.96946825719715,22.39476229664352,24.480684697962715],"hashlist_cardinalities":[0,1167,1449,1575,1722,1889,2058,2255,2442,2626,2813,2994,3172,3345,3519,3695,3862,4034,4202,4382,4560,4727,4873,5016,5172],"hyperloglog_cardinalities":[7124,7941,8779,9604,10471,11483,12292,13334,14191,15354,16238,17179,18573,19515,21042,34550,36162,38437,40136,40959],"hyperloglog_slope":0.9995090164859549}