{"precision":12,"bits":5,"hashlist_smallest_maximal_cardinality":6085,"hashlist_mean_maximal_cardinality":671,"hashlist_largest_maximal_cardinality":6845,"hashlist_relative_errors":[0.0,0.09385714526729316,0.32647211975881874,0.6958001876494109,1.6181795223963036,7.9618677963117985,39.06148992318572,76.41449302683304,117.52488498607454,161.36220679051257,210.28374007714388,261.57798671726005,314.4304812232592,372.38794788989617,433.37807043239013,496.90455781528726,565.9815100639344,639.8156916913822,716.3116442750484,799.646680452192,888.6261805111149,981.8550509967381,1051.8101289611668,1152.4035377577068,1247.99204882476],"hyperloglog_relative_errors":[],"hashlist_cardinalities":[0,1167,1449,1575,1722,1889,2058,2255,2442,2626,2813,2994,3172,3345,3519,3695,3862,4034,4202,4382,4560,4727,4873,5016,5172],"hyperloglog_cardinalities":[],"hyperloglog_slope":1.0}