{"precision":12,"bits":6,"hashlist_smallest_maximal_cardinality":8055,"hashlist_mean_maximal_cardinality":671,"hashlist_largest_maximal_cardinality":9054,"hashlist_relative_errors":[0.0,0.25349373588119306,1.019695110308703,9.38240500999018,54.10528457928331,90.04759857267959,129.9460405996415,182.25376122924112,247.5133438008388,318.42098950908075,377.0462322236781,436.78995528619697,499.18743079771565,569.2449610328655,648.8962251063556,730.9523851730049,821.814594036761,931.1281252250881,1041.9370422100908,1144.4891491042542,1242.3259003744581,1358.8944545952108,1491.7738261781615,1619.099270664661,1751.6222916514168,1891.0093880412226,2051.3530909702813,2151.9515491505463],"hyperloglog_relative_errors":[-355.1978362139099,-269.96542584847305,-205.01879487677223,-159.8087303495499,-121.50402061229258,-75.62079064794194,-53.86169435013221,-34.29297198433187,-19.034925286038114,-4.315471574213772,-0.28141261126365863,7.303467065066191,9.682666176763451,10.342116874523526,20.493976565336197,21.21973399883718,22.451152250633815,22.010786148552143],"hashlist_cardinalities":[0,1645,1928,2110,2342,2510,2673,2838,3064,3293,3480,3645,3807,3972,4133,4332,4501,4706,4896,5098,5257,5421,5609,5807,5971,6143,6321,6484],"hyperloglog_cardinalities":[8850,9787,10635,11483,12253,13334,14240,15354,16334,17873,18662,21137,22246,23031,36176,39251,40094,40872],"hyperloglog_slope":0.9995073916463226}