{"precision":12,"bits":6,"hashlist_smallest_maximal_cardinality":8016,"hashlist_mean_maximal_cardinality":671,"hashlist_largest_maximal_cardinality":9042,"hashlist_relative_errors":[-0.4999999218750122,-0.7519625892784916,1.014160905799372,9.82022223618742,62.78054418444708,118.29526211196223,178.66217153798152,246.4639671271384,327.10839153283246,405.21608443804394,489.4152901720727,578.6849100679487,696.4899139329527,798.0117499040559,898.026458849045,1010.3027141914113,1124.9139274983647,1257.2568452334735,1391.5735531144985,1530.0279937324365,1688.0421209627546,1867.1492096036059,2076.807878602182],"hyperloglog_relative_errors":[-338.9862606273645,-379.4072525406065,-371.807432266216,-331.9797854485496,-296.62462137627745,-265.28003929560197,-233.83850125245468,-204.57224998494985,-180.92655974173795,-158.7104215304758,-136.56333886710786,-112.5045865226206,-107.47077194358177,-90.95687835571256,-85.45573252942631,-76.8217688684017,-63.351525728641114,-59.86426612400646,-48.86720132722743,-44.166110643337014,-41.096691156251836,-33.564562281459885,-29.09842596726594,-17.177325364589706,-13.844601709952258,-8.566779951857825,-6.706277766051244,-2.4584250258160933,-1.154187821695814,1.0968623742261956,11.314543041553407,11.972563206658378,14.600832252141677,14.940866047034268,32.25507890969311,35.495012338851666,36.61239560098329,38.131880730467856,40.4918694426342,39.59225671076274,44.738438273390784,42.166494829620206,52.75873369768245,52.901695621790985,81.53599979990638,81.38472568379802,83.95701640452316,84.10318190657271,88.95451189266169,88.49782089661203,91.34737286870514,97.18770150691853,101.32817056750355],"hashlist_cardinalities":[0,1,1410,2696,5243,7051,9013,11132,10918,13651,16549,19610,22869,26284,29844,33557,37417,41438,45613,49934,54421,59079,31980],"hyperloglog_cardinalities":[8925,22193,242885,249288,102143,125496,107022,487090,148872,158887,149601,249450,189065,200319,1402235,1402235,476758,297348,505327,164901,1649010,196831,893534,606607,1819821,918486,472253,161712,1060113,179936,2339175,483943,205170,261309,2874401,1450469,985043,393282,3146257,3146257,3146257,3146257,550389,203478,1313688,1338772,833679,864182,4320913,253057,541609,5416090,5416090],"hyperloglog_slope":0.9949747684842773}