{"precision":13,"bits":4,"hashlist_smallest_maximal_cardinality":8822,"hashlist_mean_maximal_cardinality":671,"hashlist_largest_maximal_cardinality":9587,"hashlist_relative_errors":[-0.49999984375004886,-0.8115944813685019,-0.2513646551394686,1.085195049568938,4.384145128068212,19.15844450106003,69.28279625253936,114.95107114899315,167.34098215496988,221.98642918661199,283.2373049288444,346.60144766800113,412.85256361032543,484.88684144477975,559.9423953133337,639.9860616175351,727.2365965335615,830.163542302382,935.2921397593267,1039.576725112171,1144.7638119063843,1271.136038267538],"hyperloglog_relative_errors":[-2261.5203711657095,-2123.1401540947045,-2033.5427089734978,-1910.7472719154298,-1815.6161084218802,-1734.4682489588222,-1646.6412106767093,-1536.232814401299,-1434.2781527731076,-1358.0969755303508,-1286.6954000648436,-1215.2917501202085,-1154.276895082188,-1092.5264983100008,-1017.2735219633947,-947.9982686680146,-892.1832845677272,-859.0286510596549,-810.4522490875152,-759.3190198748605,-717.8374703094153,-675.5220055600684,-639.8025317408683,-595.2013733104365,-562.0769521094189,-531.2130061992597,-495.73736682344054,-453.24977914611236,-410.55717657703957,-368.60345574291307,-357.5795382906872,-335.441840381347,-314.0419543519359,-293.58302233730865,-266.5183578983165,-259.08221522920576,-233.75236333113935,-215.4909788800469,-204.01224564448603,-181.24362684255573,-168.480361848784,-145.70895592551642,-121.57150230161278,-106.3110117988662,-95.4529194525494,-86.08163896821445,-64.93781964459777,-57.435304517453915,-50.72761646394671,-31.411358798142828,-10.262539452129204,-8.336580720730126,-0.7878951932361815,12.450377472764862,15.784270495138117,39.16279677320199,39.48793920685421,50.44574889095546,55.992851009522255,88.32534802419104,88.73933748210584,88.50761230231001,95.56345840303402,104.19065714941722,120.8057296483991,121.84415806420293,122.92433016232306,124.51440239690419,126.60212764402968,225.25764483860985,258.52513633183844,255.22099964104805,259.3252419499622,283.8569718346189,287.3881174630151,290.1697883996785,289.8291502697102,296.17881757917235,296.8944950772493,297.84037816182536,299.9802934423933],"hashlist_cardinalities":[0,1,1219,2439,2439,3216,11521,13538,15698,17991,20430,23005,25714,28558,31536,34652,27418,25652,38937,34727,51390,28802],"hyperloglog_cardinalities":[11509,100114,108308,75117,133857,207425,93837,127829,138674,122750,89921,132766,127308,161933,175705,146609,209904,224510,350173,294748,309624,237392,1661750,254251,606579,380192,289301,271686,329133,348261,2437831,291130,888813,2666440,354270,2834164,726982,1466495,509847,301511,1671344,1684685,504807,297540,1308171,585138,1384950,1061010,1434707,458306,2307682,4615364,1178446,813797,640105,2578539,5157079,606186,424934,5949076,1519382,6077528,6077528,907104,2148721,581744,1039156,3661564,3686206,7372413,3722927,2530923,7592769,1956877,632800,2274590,9098360,774626,1329783,1840895,11045374],"hyperloglog_slope":0.9945732038295685}