{"precision":13,"bits":4,"hashlist_smallest_maximal_cardinality":8808,"hashlist_mean_maximal_cardinality":671,"hashlist_largest_maximal_cardinality":9582,"hashlist_relative_errors":[0.0,0.19507442413760145,0.5254572106487103,0.9719098578375451,2.08184068657647,5.387368717495065,15.711159280888932,50.562141848088686,89.88592840859474,139.51549484749103,193.36035765031693,251.09769563696727,311.1723085757203,378.08297579218106,447.1481574081986,520.6924336284437,598.5051244482552,681.2410795616474,770.8781344141075,862.8108131477829,960.4327399657705,1049.4496638732446,1133.8993003519379,1241.373898289021,1300.7529924107776],"hyperloglog_relative_errors":[],"hashlist_cardinalities":[0,1667,2243,2438,2667,2969,3292,3508,3743,4023,4305,4583,4857,5135,5412,5684,5952,6226,6506,6781,7040,7284,7503,7724,7937],"hyperloglog_cardinalities":[],"hyperloglog_slope":1.0}