{"precision":13,"bits":4,"hashlist_smallest_maximal_cardinality":8808,"hashlist_mean_maximal_cardinality":671,"hashlist_largest_maximal_cardinality":9582,"hashlist_relative_errors":[0.0,0.19507442413760145,0.5254572106487103,0.9719098578375451,2.08184068657647,5.387368717495065,15.711159280888932,50.562141848088686,89.88592840859474,139.51549484749103,193.36035765031693,251.09769563696727,311.1723085757203,378.08297579218106,447.1481574081986,520.6924336284437,598.5051244482552,681.2410795616474,770.8781344141075,862.8108131477829,960.4327399657705,1049.4496638732446,1133.8993003519379,1241.373898289021,1300.7529924107776],"hyperloglog_relative_errors":[-2157.8264850778432,-1552.1731567565723,-1160.4591945865498,-871.8056685154453,-657.8087437453663,-477.78506425431937,-350.0199510156736,-246.6802053914749,-170.3745194182217,-107.37486509426246,-78.02912134364152,-59.20350592959051,-31.734333754616728,-12.422956064034224,-5.7740613031247365,5.97554653808038,9.934462011106787,11.303998001557678,14.135507066256919,23.1956209807322,23.940637578535714,24.751843525159458],"hashlist_cardinalities":[0,1667,2243,2438,2667,2969,3292,3508,3743,4023,4305,4583,4857,5135,5412,5684,5952,6226,6506,6781,7040,7284,7503,7724,7937],"hyperloglog_cardinalities":[11425,13104,14874,16684,18620,20306,22254,24009,26263,28193,30152,31927,33863,37263,39362,42993,45631,47334,50619,76813,78677,80475],"hyperloglog_slope":0.9997419376483284}