{"precision":13,"bits":5,"hashlist_smallest_maximal_cardinality":12437,"hashlist_mean_maximal_cardinality":671,"hashlist_largest_maximal_cardinality":13448,"hashlist_relative_errors":[-0.49999984375004886,-0.6963185785302812,-0.1956970955379802,0.5436181694067272,2.4018801455617904,14.646430066333453,79.72096753329,135.52448900025533,193.58127535393214,253.8298665534494,319.2741985771224,386.3456296084493,457.5512583978131,535.4308439245051,614.9976220370667,700.0379221237321,788.9065895738853,881.6959783969127,986.9087519977966,1086.9401757551939,1207.1188486660772,1340.7592147268558,1463.2188726325494,1600.2986662715302,1771.258484311987,1931.0725782786878,2080.3305960672606,2243.162111641283,2442.737669995541,2546.400787711831],"hyperloglog_relative_errors":[-1382.543931254903,-1399.0894688365113,-1326.227300089181,-1241.6986765798838,-1205.82998487613,-1156.3161027838432,-1091.866508210267,-1027.2694976076334,-968.9711919045262,-890.6567638676734,-852.625961815346,-786.6722075181515,-721.0765253389382,-677.3839390963549,-637.5557392398769,-600.1319045060578,-578.1724285268647,-540.6995129880088,-498.231906922234,-469.3386929556,-435.8146350030147,-397.13343387357384,-373.1308798635664,-341.03960871574566,-308.6715089766858,-274.987693765287,-268.92386097502094,-249.8139782905164,-241.5389705853122,-226.75451838724985,-196.60428076976982,-182.24343959133088,-147.28814623713282,-142.35915215951428,-127.00878561376612,-103.07506296792417,-92.63650931285447,-84.05379943009757,-65.77141081272566,-40.931764150366995,-37.227159385964114,-30.075597451546855,-23.15769914620808,0.27052700054991874,4.806481815315783,12.59654041642999,19.934005606883147,34.0388806664414,39.12083949794424,44.07304549515975,70.41465793106909,70.0111474469566,72.1526321292137,75.22866603065486,78.6723104622766,251.27147338482123,261.48298740846803,269.2948289129781,281.90036638652964,285.49711528761446,291.4459590938454,293.71218638955526,297.38034724379463,298.68598909319553,298.2303541537549],"hashlist_cardinalities":[0,1,1,1,1,3309,10570,13610,16832,20234,23816,27570,31498,35604,39884,44343,48972,53779,58772,63930,53966,77513,83246,69097,76014,107708,114242,120968,60743,217865],"hyperloglog_cardinalities":[14379,62904,353478,361188,251128,753385,138976,288939,229313,317331,204466,269123,283072,1132289,297525,214705,1288233,337220,352716,715926,374041,316768,412648,185492,939076,192383,1070076,553251,1118717,2237434,394066,415511,202803,308004,790425,475648,688585,3442927,3442927,599255,1813127,1828661,273165,2065210,442938,522185,4699670,4699670,394888,1056055,2660053,1095920,1853296,592565,881722,2105814,1323192,3346178,629696,2571376,1170751,507701,950902,1119372,11193721],"hyperloglog_slope":0.9945923266800935}