{"precision":13,"bits":5,"hashlist_smallest_maximal_cardinality":12417,"hashlist_mean_maximal_cardinality":671,"hashlist_largest_maximal_cardinality":13444,"hashlist_relative_errors":[0.0,0.3038944651402744,0.8078226692437056,1.5375919654834433,3.390031477392313,15.845590606380332,77.6360781378171,131.87909923169204,189.3540714913582,250.27853344376157,311.9255759996222,382.16377467153626,455.75300129177475,532.9847059674657,612.1614801761494,708.6202681350269,814.2602096501487,909.4750592700487,1009.977342596337,1111.7454652255099,1236.5509262301566,1384.0433343123718,1543.2644517414228,1688.6578469802153,1821.492295029846,1971.1565317911652,2126.278590107369,2287.97168185641,2471.793924428212],"hyperloglog_relative_errors":[],"hashlist_cardinalities":[0,2184,2893,3144,3440,3776,4115,4396,4673,4947,5208,5482,5757,6022,6273,6549,6883,7148,7422,7681,7935,8277,8615,8928,9209,9464,9748,10031,10282],"hyperloglog_cardinalities":[],"hyperloglog_slope":1.0}