{"precision":13,"bits":6,"hashlist_smallest_maximal_cardinality":16435,"hashlist_mean_maximal_cardinality":671,"hashlist_largest_maximal_cardinality":17772,"hashlist_relative_errors":[-0.5,-0.7891558736544084,-0.257915247121673,0.17153726272499625,1.259128900565429,12.13248376199551,74.75527213508333,136.74421871072377,207.82921484557983,284.8147401245135,366.35448113337156,453.29008117037415,545.4267028757513,634.0639307217216,742.1397012108349,859.680446375266,985.8919672191405,1112.2832962054028,1251.7115003056497,1390.156604382569,1539.460778567148,1695.2105473729068,1859.123245427123,2032.0293167086027,2203.7066696901366,2388.0757854028584,2579.2257251648102,2774.5720259578115,2977.2483293477785,3191.6527720960694,3431.962361090172,3680.3571961084685,3934.758054542354,4202.4517239722645],"hyperloglog_relative_errors":[-705.3338130381685,-766.0501568919963,-746.7983257620308,-729.1361705353993,-683.1889257655366,-638.6946124545138,-589.8319917819086,-550.3130296963748,-527.5793731585636,-487.1017413723803,-474.0078495231355,-429.4317977593764,-416.60224498770083,-397.3455354679354,-364.0748795637155,-333.8325174654401,-311.7937700191866,-292.59340484971835,-262.0984579961453,-223.84559814131717,-209.98727060353914,-189.07452671767714,-154.4425848790618,-148.16406091618592,-125.03538613153432,-115.27681579487907,-104.18776414381428,-88.35026778533029,-70.3741484333744,-54.9390089479748,-34.52121128255476,-29.786302979473113,-9.80649969332444,-5.8952840137959965,7.080346996057155,10.589718543359776,15.477923173743225,26.64930589987489,32.29495842498727,36.98935281737213,42.1784823368845,64.96109178460028,64.77485944856744,70.68856422704611,77.40161258209992,78.60271038277278,83.86480479268931,256.37504271784564,257.24455883521296,264.68879943063655,266.37811970774493,273.7262451407587,283.22812600252723,284.9067158558344,286.5482538929191,286.23958159834,295.013883519714,298.5656565090176],"hashlist_cardinalities":[0,1,1,1,1,3681,11692,12475,16413,20586,24984,29613,34470,50463,55185,60123,65278,70638,76211,81988,87973,94163,100558,107162,113963,120965,128166,135565,143160,150956,158963,167186,175608,52430],"hyperloglog_cardinalities":[17845,37169,404070,1616280,817580,1635161,558219,351035,887765,898216,464810,480951,293380,699154,2097464,1060140,232873,2328734,792302,2376906,238883,1326654,401720,1419360,1432998,595265,617649,538468,1096402,3289207,845451,701232,3506164,611437,552724,289340,649172,4544204,2289830,944684,371224,5197149,5197149,311338,1215832,3060112,361808,6874361,6874361,1435013,1495569,7477847,317270,652876,1456740,5866694,11733389,11733389],"hyperloglog_slope":0.9945810615830981}