{"precision":13,"bits":6,"hashlist_smallest_maximal_cardinality":16409,"hashlist_mean_maximal_cardinality":671,"hashlist_largest_maximal_cardinality":17760,"hashlist_relative_errors":[0.0,0.21184592699705718,0.9558540049863495,2.254220201236876,18.935473885645024,101.12970958073447,169.51422831856485,244.69578165078815,334.1931279574658,433.06941696009494,553.3516585507617,662.5681437838093,774.4358625453397,893.4829831097892,1017.3982701173621,1149.3299719539511,1309.573929163862,1505.986007059625,1702.4389627631158,1893.2061725695778,2097.9104615650067,2335.1395082227396,2586.9830027979033,2816.6114874615173,3069.387899813633,3312.1155350438357,3626.6949121127177,3913.5483595567844,4176.9291853639315],"hyperloglog_relative_errors":[-741.9567973420585,-562.8048406139292,-415.0389726709416,-305.9433730628767,-229.08093790524262,-164.04625777952685,-115.35889596923516,-83.74084513175545,-55.39772835025284,-30.305092246013892,-13.200836673252276,2.6539796427337023,9.3610706384415,10.638395776131196,17.113763955334434,23.110254455650907,23.62315185231161,23.938260766067565,23.54332772478665],"hashlist_cardinalities":[0,1872,3284,3848,4223,4606,4928,5240,5559,5934,6374,6689,7009,7339,7652,7970,8290,8712,9108,9506,9828,10217,10625,11015,11334,11690,12066,12412,12767],"hyperloglog_cardinalities":[17740,19544,21212,23175,25034,26758,28321,29957,31563,34782,37034,41729,45569,47119,72326,74309,77196,79438,81213],"hyperloglog_slope":0.9997422017801126}