{"precision":14,"bits":4,"hashlist_smallest_maximal_cardinality":17789,"hashlist_mean_maximal_cardinality":1342,"hashlist_largest_maximal_cardinality":18886,"hashlist_relative_errors":[-0.5,-0.9482260025478126,-0.37374832881414477,0.1608282104743921,0.5275125122107056,1.4254091142902325,3.6556987962094354,8.884207924848852,17.160993234279886,30.566838475953926,82.38635531084644,135.15464994286535,200.12921288142965,274.5149794708262,351.95085346901277,432.5785836366528,524.8083061966681,611.4217959317424,711.5972682223188,807.7171965674564,910.4568075736643,1026.4012275624598,1142.4150453393268,1267.1102244757221,1388.1368875986427,1516.379197971434,1648.7509220844938,1788.5658279,1942.3669346174727,2087.892268687543,2222.3372333900356,2403.217479426666,2543.563168884445],"hyperloglog_relative_errors":[-4557.310381032073,-4531.66886854207,-4408.191175376669,-4278.854495819311,-4130.538092966019,-4040.202649200288,-3924.7582771466223,-3749.7070006232307,-3587.768050668002,-3485.008692092095,-3384.7631193624056,-3279.53418867475,-3185.7999091096135,-3084.110960991015,-3000.8329470438293,-2896.0574695792893,-2759.9109062412517,-2651.802131013988,-2575.4533678943644,-2473.0576404687986,-2417.815074236913,-2338.265781920343,-2257.227150567569,-2178.3598021850185,-2104.2281802687044,-2044.443445291683,-1942.9568410831203,-1823.191008168041,-1794.9947190922448,-1723.9023471734738,-1647.158136188933,-1550.462966764907,-1443.549965114865,-1362.1443331261398,-1316.0719360297571,-1275.1267123586258,-1202.2226593016967,-1134.2887014145497,-1089.4322851918769,-1028.9564692820106,-986.1817169699556,-927.7073390383885,-896.754136121954,-832.5585342174181,-822.5711784090672,-794.2457508461739,-754.0098002757513,-699.2610164927706,-671.8127155210813,-636.4540570894787,-590.601519291562,-528.2509483148999,-513.902766419497,-449.4849252651308,-446.18084936119703,-399.35924621422964,-389.4845985349875,-372.61218253936386,-356.0320322147697,-307.2853540129411,-293.2537380336362,-244.65354072407354,-230.4439507758885,-215.91511780756264,-164.96226319551351,-154.00360453004396,-142.59459073005564,-128.83833320587019,-104.19891706893395,-74.38733534488954,-37.12515797055676,-18.749703368220995,27.87132975239365,45.10382846600524,54.70613728903647,93.07504256088578,103.47656786274456,104.17238455230253,119.40657380065143,127.32563133994894,197.9757783780927,217.66594551556045,223.53639721789418,223.76953905181654,237.78676404451835,261.88480909189093,271.08201258120243,265.9927851463872,294.90878817398334,296.38729163205954,296.6384915772457,356.0644527836412,367.6325899261962,360.48054282166413,379.7797390696214,383.5697574166261,383.43042100242747,386.47490514437476,388.5290646927824,387.6451881321991,406.2468843483657,437.03097827915917],"hashlist_cardinalities":[0,1,1,1,1,1,1,2960,5921,6536,17782,22715,27918,33400,39155,45182,51500,58075,64935,72057,79446,87124,95068,103295,111775,120526,129541,138823,148388,229960,163353,173705,87990],"hyperloglog_cardinalities":[22999,712979,712979,368436,380660,761321,393144,215751,305054,915162,470980,484572,498345,350864,1052594,370013,569748,168537,689286,480009,500635,276431,845180,363844,330386,1982316,311987,750906,1143623,410397,1248968,309796,495652,1016553,414629,858180,1735977,726317,1835970,1251327,783970,1981011,826421,554442,2239496,1522236,4566709,1552361,704384,2488425,2511959,1043244,1770978,801526,5610682,1440715,764916,6119328,2074284,2109623,6328869,6328869,1310026,983521,6884651,1423366,7116831,500178,4031538,2728774,8186322,803247,2990878,879239,943579,10379370,1793469,2213313,3741306,822713,2134698,12808188,4335631,3326637,13306550,6708156,13416312,6763697,13527395,728776,5424100,16272300,5518079,16554238,4246683,8565803,4391867,5953321,2361582,9520293,19040587,19040587],"hyperloglog_slope":0.9968891150825147}