{"precision":14,"bits":4,"hashlist_smallest_maximal_cardinality":17777,"hashlist_mean_maximal_cardinality":671,"hashlist_largest_maximal_cardinality":18915,"hashlist_relative_errors":[0.0,0.4336030822255452,1.3408169172203088,2.4171254938637503,4.6403250049252165,9.819328139141817,23.893300289232076,39.954804150161365,100.65407258709486,175.29163053559842,248.8034164260674,324.81478153137505,404.1940951555225,489.2160791701305,581.6635678366625,679.1433395729382,778.316222554576,883.3367734563241,987.285705577658,1103.0016429762447,1214.1221802525124,1333.8147234445926,1462.2519296817202,1595.3466999564127,1761.10590264743,1938.4378439332559,2101.9502387096218,2269.3069991596944,2479.6718102432824,2569.655305329743],"hyperloglog_relative_errors":[-4378.091676993601,-3068.796827525739,-2357.2258264396246,-1744.7027417172183,-1314.9292753641225,-979.8170189900142,-715.1458976802693,-521.2133670557729,-371.3865974624641,-275.2994585730994,-181.50184263530437,-125.04430791112922,-79.0195221727811,-37.54008676084171,-24.39454019956902,-0.8944867277779849,2.7500347305475668,19.624384230699693,19.35196801778511,30.115080392822467,28.457269466079712,29.41749322281329],"hashlist_cardinalities":[0,2531,4123,4867,5327,5716,6237,6629,7009,7442,7872,8284,8704,9104,9535,9950,10365,10781,11173,11582,11980,12361,12761,13163,13599,14128,14569,14995,15420,15806],"hyperloglog_cardinalities":[22867,26338,29772,33296,36860,40376,44344,48345,51722,55542,59582,63110,68066,73128,77394,84601,88574,106878,147519,155063,159975,163367],"hyperloglog_slope":0.9998733092811595}