{"precision":14,"bits":5,"hashlist_smallest_maximal_cardinality":25023,"hashlist_mean_maximal_cardinality":671,"hashlist_largest_maximal_cardinality":26580,"hashlist_relative_errors":[0.0,0.16374084283847878,0.6616915795875684,2.0355199725122475,3.7807696327490703,7.486330176396223,24.19789368476434,126.21289297628391,229.04439714625914,337.04029985673515,452.81369682725807,574.721709474045,709.2814897598686,849.4386483848053,996.231337692012,1154.0025798132708,1345.556429214811,1544.3563147777234,1763.46063365281,1984.3021233473216,2187.8083800761406,2427.3557503979982,2685.7566836888204,2923.733843279133,3169.9836953317645,3427.3601995584395,3687.312610594905,4002.6956554170074,4257.442699502776,4580.432064021158,4922.050263445446],"hyperloglog_relative_errors":[],"hashlist_cardinalities":[0,1636,3289,5329,6278,6872,7458,8044,8607,9144,9689,10194,10745,11270,11798,12320,12868,13532,14074,14738,15243,15745,16421,16941,17466,17967,18480,18979,19531,20067,20576],"hyperloglog_cardinalities":[],"hyperloglog_slope":1.0}