{"precision":14,"bits":6,"hashlist_smallest_maximal_cardinality":33253,"hashlist_mean_maximal_cardinality":6710,"hashlist_largest_maximal_cardinality":34927,"hashlist_relative_errors":[0.0,0.1574600308067602,0.6468109431912126,1.4730096911507644,3.002037483690401,5.578728656911153,30.125965394829887,171.38016441405807,311.38121560559966,474.37674408544046,661.0122540203527,841.7221534899381,1049.041142941524,1292.176472414306,1529.501560226158,1766.3692227868523,2039.195849894948,2321.6912160722472,2580.3088468292235,2903.1992037702585,3241.480944188763,3606.1239572247287,4013.41688949392,4383.5499307369455,4756.820546361804,5196.0032173275395,5679.502796579253,6090.594913270741,6550.8185200358685,7056.229079212926,7567.513593236739,8265.160955468587],"hyperloglog_relative_errors":[],"hashlist_cardinalities":[0,1622,3292,4964,6559,7685,8447,9072,9703,10351,11073,11783,12427,13185,13944,14616,15246,15871,16522,17240,17938,18586,19321,19954,20610,21281,21931,22572,23262,23923,24574,25307],"hyperloglog_cardinalities":[],"hyperloglog_slope":1.0}