{"precision":15,"bits":4,"hashlist_smallest_maximal_cardinality":35917,"hashlist_mean_maximal_cardinality":6710,"hashlist_largest_maximal_cardinality":37281,"hashlist_relative_errors":[0.0,0.09655289857073512,0.8846388362771904,3.0197019256665953,11.24012502093774,23.89342100997116,59.16755617808277,179.45480971823963,318.9253280742628,464.722084242253,616.2827267921812,796.362401796021,981.9830477004207,1150.6958288110643,1348.197421569941,1536.2075655473843,1768.2802034087845,1953.038685833896,2180.324996273125,2457.768009646597,2735.2559475390817,2996.381798598463,3248.360270761645,3528.6929223166667,3823.531015913243,4131.026148602421,4473.1840105605415,4881.409802325051,5071.395730910338],"hyperloglog_relative_errors":[],"hashlist_cardinalities":[0,7235,8267,9721,10644,11764,12980,13775,14620,15464,16381,17336,18127,18997,19825,20634,21456,22267,23041,23853,24850,25677,26469,27299,28092,28939,29709,30663,31433],"hyperloglog_cardinalities":[],"hyperloglog_slope":1.0}