{"precision":15,"bits":4,"hashlist_smallest_maximal_cardinality":35888,"hashlist_mean_maximal_cardinality":671,"hashlist_largest_maximal_cardinality":37358,"hashlist_relative_errors":[0.0,0.09720182574710634,0.884685404146694,3.0189502441862714,11.060784897773374,24.03797217823376,67.3695711555547,210.9106925709907,339.0282423419885,483.14504447152103,634.509874516596,801.2949231324892,971.7455175834597,1146.003430381211,1334.383247055671,1523.5921850374289,1726.7824130609442,1943.2429090771304,2163.740736365357,2435.94178664235,2707.051392059567,2982.835953290529,3243.1843157246185,3521.444422427827,3841.4464787532766,4150.89438274137,4441.954765833334,4774.347900565235,5060.335411812827],"hyperloglog_relative_errors":[-8670.792401881812,-6239.372368361107,-4722.93993298778,-3508.136664319505,-2590.378710111534,-1982.4953062556026,-1495.4083557917659,-1032.2956119169623,-753.3436381172277,-537.2112400870907,-408.79204038942044,-278.87719891507976,-192.93560396249813,-146.32159152734965,-93.93706520474734,-58.42428212848996,-14.921020753270048,2.374386625872123,20.81690710651795,24.479894033385207,27.547885470913023,31.483716884889873,33.67374374330393,38.15951008989941],"hashlist_cardinalities":[0,7236,8266,9721,10645,11761,12992,13975,14815,15655,16494,17336,18173,18977,19808,20589,21405,22215,23025,23837,24848,25656,26471,27315,28086,28900,29725,30534,31339],"hyperloglog_cardinalities":[45747,52661,59646,66689,73752,81174,88560,95629,102353,109491,117388,125300,132873,139642,147393,154388,168990,183344,203189,211995,222123,236720,249404,327679],"hyperloglog_slope":0.9999436846177}