{"precision":15,"bits":5,"hashlist_smallest_maximal_cardinality":50627,"hashlist_mean_maximal_cardinality":51570,"hashlist_largest_maximal_cardinality":52347,"hashlist_relative_errors":[0.0,0.16059237967238005,1.3974022178244923,4.889286380886915,15.563331956135698,45.220589198161726,235.04571895597596,484.1809030963198,688.021674203319,894.7471886275964,1105.4491215806584,1413.3607961825173,1688.6216079987555,1958.7423701637424,2304.5534152192768,2671.61050512251,2987.7885473603187,3351.5890970001637,3778.6263599635517,4252.7806038217395,4627.265906570921,5147.134535703029,5482.065878321882,6096.595417259625,6639.234977331178,7177.881357587689,7797.2825130130395,8404.245580498173,8937.429660274918,9635.117710940443,9975.973362459636],"hyperloglog_relative_errors":[],"hashlist_cardinalities":[0,9288,10671,12547,13742,14778,15920,17162,18234,19279,20325,21409,22463,23473,24576,25617,26677,27679,28928,30079,31099,32180,33182,34340,35398,36395,37663,38670,39688,40710,41733],"hyperloglog_cardinalities":[],"hyperloglog_slope":1.0}