{"precision":15,"bits":6,"hashlist_smallest_maximal_cardinality":67039,"hashlist_mean_maximal_cardinality":67108,"hashlist_largest_maximal_cardinality":69378,"hashlist_relative_errors":[0.0,0.10680582463646715,0.8481701304544913,5.056091077816745,26.460171678139076,212.52088996425508,515.5587851933481,773.8575413206376,1105.5223734771987,1475.9286575670912,1854.311446942601,2305.605325790308,2779.4350018546706,3192.4442138534955,3708.5393585898014,4277.321990739779,4876.977366593219,5418.691336251695,6071.580436785832,6818.835786157412,7622.183316777374,8351.159578769279,9055.662055381335,10023.161319905828,10806.865949207526,11847.590354136824,12859.635143865837,13973.04212712975,14926.556977542466,16212.842004001133,16775.656199910743],"hyperloglog_relative_errors":[],"hashlist_cardinalities":[0,10705,12184,14135,16032,17441,18713,20119,21353,22687,24099,25517,26806,28049,29483,31015,32292,33757,35068,36414,37846,39211,40452,41993,43222,44744,46166,47444,48762,50145,51461],"hyperloglog_cardinalities":[],"hyperloglog_slope":1.0}