{"precision":16,"bits":4,"hashlist_smallest_maximal_cardinality":72236,"hashlist_mean_maximal_cardinality":67108,"hashlist_largest_maximal_cardinality":74131,"hashlist_relative_errors":[0.0,0.3365359804547552,1.7869824084609718,6.049056075204135,21.43515005018465,47.32908539332129,120.70359778924903,362.9447207365429,580.4135654796132,887.79933532405,1131.275354958835,1470.5521621706537,1824.0966665361484,2173.232246505903,2500.390647205659,2852.320625678914,3302.81046032168,3741.3423408559156,4137.555492851347,4507.450928562739,5008.927022776245,5462.231358723077,5996.571375999379,6579.448323651773,7309.424542582138,8004.2395172433235,8764.819232426551,9422.752850952042,10054.279963515248],"hyperloglog_relative_errors":[],"hashlist_cardinalities":[0,14462,16513,19419,21267,23507,25655,27521,29068,30641,32251,33882,35562,37240,38876,40412,42057,43834,45339,46859,48442,50013,51588,53105,55286,57097,58932,60826,62363],"hyperloglog_cardinalities":[],"hyperloglog_slope":1.0}