{"precision":16,"bits":5,"hashlist_smallest_maximal_cardinality":101848,"hashlist_mean_maximal_cardinality":67108,"hashlist_largest_maximal_cardinality":104177,"hashlist_relative_errors":[0.0,0.07329572975504561,0.5539716304920148,2.828151201694709,13.706643966364936,36.763342211685085,141.08959950751392,625.7121141593078,1047.1213371923327,1475.1663190451097,1953.8404232838088,2447.6488176840694,2938.4322471492274,3573.768325585601,4191.723654205581,4823.762092990456,5561.9653652524885,6246.724982940038,7030.634741548608,7918.043127094967,8829.67439775222,9731.128429606424,10749.84934048227,11723.067190650425,12608.165274981313,13758.622677955256,14858.019859359647,16019.372734524386,17328.371104847854,18884.079111279323,19704.368990291605],"hyperloglog_relative_errors":[],"hashlist_cardinalities":[0,15463,18559,21324,25065,27453,30334,32527,34730,36784,38883,41267,43358,45415,47590,49656,52272,54363,56367,58722,61095,63166,65203,67550,69680,71759,73784,76376,78572,80954,82967],"hyperloglog_cardinalities":[],"hyperloglog_slope":1.0}