{"precision":16,"bits":6,"hashlist_smallest_maximal_cardinality":134475,"hashlist_mean_maximal_cardinality":67108,"hashlist_largest_maximal_cardinality":137677,"hashlist_relative_errors":[0.0,0.25970596965998993,1.7460236020033335,5.816301722123171,20.48915680612845,221.660964032658,766.3762779732268,1315.157885174283,1922.784082205583,2572.2445552350005,3325.3189086904217,4152.476637056146,4868.7775889312525,5908.296875071004,6900.971467463731,7883.579316575232,8983.375909181023,10064.152749887277,11302.287933949516,12437.435828395697,13906.76255607852,15310.990275923132,16693.85581069095,18341.295515740094,19648.133679011928,21726.00517579313,23974.06762103999,26130.247345958265,27942.413032056244,30190.109163387842,32846.557209070445],"hyperloglog_relative_errors":[],"hashlist_cardinalities":[0,21368,24345,28249,30704,33795,36318,39044,41523,44151,46778,49417,52140,54823,57537,60290,62948,65564,68082,70746,73611,76067,78532,81329,83788,86333,89410,92609,95110,97926,100737],"hyperloglog_cardinalities":[],"hyperloglog_slope":1.0}