{"precision":17,"bits":4,"hashlist_smallest_maximal_cardinality":144956,"hashlist_mean_maximal_cardinality":146024,"hashlist_largest_maximal_cardinality":147237,"hashlist_relative_errors":[0.0,0.17050000000017462,0.7481099774104223,3.6221289784953115,16.551357599808398,40.69941394108173,94.86568464098794,211.18929374965956,533.8159867610483,978.1783299240443,1443.0702867124623,2082.883177713444,2750.2568527600974,3362.188183445885,4086.0990266963336,4839.3178965781435,5405.693487507276,6214.065022809117,7176.957220863498,8020.535487550877,9035.919025982774,10409.18624819014,11475.817464936663,12473.027489114269,13638.42358714189,14649.573968956858,15721.813460057352,17224.815135414534,17889.607444090972,19734.920134334694],"hyperloglog_relative_errors":[-36635.8649838098,-34222.12059586379,-31986.180577836036,-29561.910198972328,-27416.5449690935,-26193.346865700707,-23712.782728898852,-22492.06773724573,-20817.905950306536,-19915.13328728325,-18671.438430676953,-17395.58087937439,-15450.625109194361,-14794.362430376807,-13264.303268496154,-12169.4282627629,-11579.295030005114,-9673.825767355773,-8633.090335524234,-7704.710392764802,-6086.205730907484,-5879.976547890362,-5183.6058573273585,-4245.808787388378],"hashlist_cardinalities":[0,24507,28895,32995,38789,42501,46670,50478,53638,56713,59870,63074,66315,69493,73098,76553,79570,82913,86151,89436,93567,97081,100674,103957,107098,110410,113456,116877,119886,123172],"hyperloglog_cardinalities":[182920,189765,197404,203834,210382,216948,225315,230407,238290,245082,251941,258958,267539,272550,285324,293483,298995,313333,327057,335125,357285,363641,374134,393215],"hyperloglog_slope":0.9422287383305991}