{"precision":17,"bits":5,"hashlist_smallest_maximal_cardinality":204207,"hashlist_mean_maximal_cardinality":205754,"hashlist_largest_maximal_cardinality":207384,"hashlist_relative_errors":[0.0,0.27787499999976717,1.2444202901169774,5.749673049540434,16.97205685632798,49.49113248827234,159.45089499555797,739.3878205306733,1576.2493034029137,2383.5391657205682,3267.4943930302093,4314.539403281031,5409.7407437032825,6514.430963348554,7651.941615830419,9155.426483062949,10473.15014338906,11919.947262351734,13368.002571182033,15005.942020882718,16579.668972008654,18078.9218526233,20383.358520796854,22222.033815074512,24299.726426888723,27005.444247147043,29352.55139844063,31687.868729485137,35094.41656083752,38649.75262358404],"hyperloglog_relative_errors":[],"hashlist_cardinalities":[0,31122,37127,42611,48301,52391,58077,62226,66892,70934,75445,79710,83805,88073,92781,97427,101865,106405,110981,115230,119343,123721,128067,132758,137009,142772,146844,152158,157191,163058],"hyperloglog_cardinalities":[],"hyperloglog_slope":1.0}