{"precision":17,"bits":6,"hashlist_smallest_maximal_cardinality":269640,"hashlist_mean_maximal_cardinality":268435,"hashlist_largest_maximal_cardinality":273995,"hashlist_relative_errors":[0.0,0.25200000000040745,0.9540219852788141,3.6628362254232343,20.754088844650443,43.92424298902188,476.2078284283103,1567.6638022275147,2577.5251209154294,3852.097944188321,5256.09961589573,6806.370360281786,8269.236458765181,9962.20273515243,11651.337734458584,13696.259811117305,15479.329046361889,17865.796305267522,20284.791902330413,22757.275143084513,25552.560542958745,28015.39479848086,30214.908599078,33290.50820684199,36692.995095800026,40242.20928855915,44926.744229890064,48659.05831730692,54178.542433050745,57849.618820579875,62743.36417230591,66406.98917142424],"hyperloglog_relative_errors":[],"hashlist_cardinalities":[0,29894,42761,48641,56466,62155,67580,72840,78085,82998,88683,94419,99421,104550,109762,115114,120423,125434,130782,136873,141783,146746,151912,157178,163227,169007,175134,180955,188018,193282,198623,203604],"hyperloglog_cardinalities":[],"hyperloglog_slope":1.0}