{"precision":18,"bits":4,"hashlist_smallest_maximal_cardinality":290015,"hashlist_mean_maximal_cardinality":268435,"hashlist_largest_maximal_cardinality":293090,"hashlist_relative_errors":[0.0,0.4389999999984866,0.7644522217378835,1.8235533058359579,7.559109139307111,20.305283878544287,61.84234976020889,135.73519077755086,213.72534538194304,441.05596656221655,1086.59099574683,1966.6524497070889,2990.8893209632106,4114.017570770349,5389.498751776004,6602.115200845484,8008.610711470995,9258.059408515555,10629.623235290894,12166.447832969769,14149.798633019805,15898.174188543453,17932.792061376498,19869.239326944575,22231.14748389309,24743.670212993555,26348.178619835875,29040.387341292615,31097.927652663086,33181.76043784441,35919.765158392074,39653.73236253607],"hyperloglog_relative_errors":[],"hashlist_cardinalities":[0,39123,51624,57750,65931,73876,81319,88268,94831,101024,107072,113076,120000,126126,132840,139148,145798,152590,158744,165287,171624,178550,184769,191423,198899,207060,213479,219899,226579,232594,238709,245939],"hyperloglog_cardinalities":[],"hyperloglog_slope":1.0}