{"precision":18,"bits":5,"hashlist_smallest_maximal_cardinality":408984,"hashlist_mean_maximal_cardinality":268435,"hashlist_largest_maximal_cardinality":413287,"hashlist_relative_errors":[0.0,0.22168750000128057,0.7833260421248269,1.3859687500007567,3.014214097565855,12.051066708452709,47.45775703042818,117.30683296411492,417.2253287773767,1528.3143788988825,2974.4012860802304,4736.008698527165,6126.6535377784285,8122.83155718581,10206.070823326578,12243.731961575859,14773.860687667051,17099.59965175442,19700.083018082012,22181.959144236687,24845.96069407917,27493.16385468941,30536.284201776954,34325.52030664148,38472.02490743574,42929.290602698115,47266.03927552701,52032.7594642457,56517.77043558776,61304.30206915924,66670.56445972397,71362.42454219879,76810.854154597],"hyperloglog_relative_errors":[],"hashlist_cardinalities":[0,27749,52297,65793,74143,85183,96954,107276,116680,124615,133257,141360,149715,157948,166798,175537,184157,192306,200518,208602,216766,224740,232666,241725,251155,260139,269816,281012,289889,298640,307209,316808,325628],"hyperloglog_cardinalities":[],"hyperloglog_slope":1.0}