{"precision":18,"bits":6,"hashlist_smallest_maximal_cardinality":540148,"hashlist_mean_maximal_cardinality":268435,"hashlist_largest_maximal_cardinality":545874,"hashlist_relative_errors":[0.0,0.16206249999959255,0.6399999999994179,1.5184050996758742,2.6342560769917327,8.029891083147959,26.450950218272435,88.24476449098802,675.6813651387231,2859.2378942984146,5144.752787866333,7549.531925454354,10087.039623249584,12981.765540547785,16198.16565305246,19691.274714975167,23547.350492738762,27434.35209036448,31907.38908411306,35426.61976025184,40087.55448049346,44494.534415946255,49646.656667058895,55860.46446302085,60976.84387370971,66966.12332081456,72387.7405525931,81484.55214767961,90029.28238577931,97031.12001483119,103228.10142735337,112662.47180146766,120515.46639751198,130775.77204614531],"hyperloglog_relative_errors":[],"hashlist_cardinalities":[0,24256,48280,74768,85459,97243,108180,122615,133888,144636,154701,165881,175838,185963,196977,207955,218710,229779,240912,250807,261292,271108,282619,292768,303161,314611,324509,337649,349468,361603,371796,381992,393085,403928],"hyperloglog_cardinalities":[],"hyperloglog_slope":1.0}