{"precision":4,"bits":4,"hash_list_bias":[0.0,0.0,0.02113750000000003,0.06209531249999989,0.1232906250000001,0.20406718749999975,0.4192390625,0.7061117319308892,0.8759355561396287,1.065407141151482,1.4046624983879576,1.8365791375909488,2.4353169488087465,3.4637136522895453,5.430258982561323,7.283707432328317],"hyperloglog_relative_bias":[],"hash_list_cardinalities":[0,1,2,3,4,5,7,8,9,10,11,12,13,14,15,16],"hyperloglog_cardinalities":[]}