{"precision":4,"bits":4,"hashlist_smallest_maximal_cardinality":8,"hashlist_mean_maximal_cardinality":17,"hashlist_largest_maximal_cardinality":47,"hashlist_relative_errors":[0.0,0.3399856993242656,1.0767673030886726,1.9978445858316576,3.647751955885095],"hyperloglog_relative_errors":[-1.438075254608897,-0.6738519855387253,2.5532056199920063,4.470259505840417,7.317029606436236,13.234423528032416,14.44504411606026,15.290699681777213,15.98686846136897,16.42613024525278,16.880342131790513,17.87296571908963,18.56153687757474,19.417694514633514,19.883500511605114,20.88550207933737,21.450923657491444,21.746217165481426],"hashlist_cardinalities":[0,5,9,12,15],"hyperloglog_cardinalities":[19,24,34,42,58,98,108,112,117,121,125,129,134,140,144,151,155,159],"hyperloglog_slope":0.8757395326929306}