{"precision":4,"bits":5,"hash_list_bias":[0.0,0.0012671874999998778,0.031871875000000216,0.06090312499999939,0.1388578124999995,0.4667414062499997,0.8679796875000001,1.6141960937499995,2.4373084957945252,3.150567422761597,3.908822720568015,4.711208627719408,5.128741129763355,5.995698537753196,6.909558066217844,7.8740944869419245,8.641201853923787,10.003477092255753,11.470866751721765,13.061398630958037,15.110571550078825,18.04611306457059,21.581438049023124,25.704511049221132,31.29932888527663],"hyperloglog_relative_bias":[],"hash_list_cardinalities":[0,9,12,13,14,15,16,18,20,21,22,23,24,25,26,27,28,29,30,31,32,33,34,35,36],"hyperloglog_cardinalities":[]}