{"precision":4,"bits":5,"hashlist_smallest_maximal_cardinality":9,"hashlist_mean_maximal_cardinality":51,"hashlist_largest_maximal_cardinality":133,"hashlist_relative_errors":[0.0,0.1792658707428032,1.6647876005479603,3.871849674505839,6.854350321389351,10.816156656591296,14.74517972016335,22.953025274725604],"hyperloglog_relative_errors":[1.0718196539019402,1.3659169766123895,2.071637403508916,3.8925452274270924,8.163441619452072,9.83941880808338,12.507989188504254,13.526114507379717,14.458839844768008,14.895449220781899,17.223124079109667,17.686768140624537,18.567002978415303,19.142070289323783,19.87689543453149,20.869123399930913,21.278967038256354],"hashlist_cardinalities":[0,13,17,21,25,29,32,37],"hyperloglog_cardinalities":[47,54,61,70,86,94,108,112,117,121,132,135,140,144,151,154,159],"hyperloglog_slope":0.8517024393318696}