{"precision":4,"bits":5,"hashlist_smallest_maximal_cardinality":10,"hashlist_mean_maximal_cardinality":51,"hashlist_largest_maximal_cardinality":125,"hashlist_relative_errors":[0.0,0.17901089882154153,1.6646130868531692,3.87215062392265,6.853795926868145,10.813393947457165,14.745442684239677,22.97067263309186],"hyperloglog_relative_errors":[],"hashlist_cardinalities":[0,13,17,21,25,29,32,37],"hyperloglog_cardinalities":[],"hyperloglog_slope":1.0}