{"precision":4,"bits":6,"hashlist_smallest_maximal_cardinality":10,"hashlist_mean_maximal_cardinality":50,"hashlist_largest_maximal_cardinality":125,"hashlist_relative_errors":[0.0,0.19119309529231998,1.6255273311808303,3.7075010867869658,7.382125471862665,11.441983906838438,15.557559021227533,22.430774252374952],"hyperloglog_relative_errors":[],"hashlist_cardinalities":[0,12,16,20,25,29,32,36],"hyperloglog_cardinalities":[],"hyperloglog_slope":1.0}