{"precision":4,"bits":6,"hashlist_smallest_maximal_cardinality":9,"hashlist_mean_maximal_cardinality":50,"hashlist_largest_maximal_cardinality":133,"hashlist_relative_errors":[0.0,0.19161977074617376,1.625487842858746,3.707686492634327,7.382307676800281,11.442965023630528,15.559102801918598,22.432047605371913],"hyperloglog_relative_errors":[0.8509278787493351,1.3742073223301716,2.268278284244289,4.738491411555586,8.270477229339235,11.017447113213137,12.574786077763108,13.589632273007155,14.514012995047764,15.124828591472237,16.946244479281532,17.586402591966248,18.60487575578911,19.17514396953221,19.900947669871528,20.896343968082004,21.29867644645708],"hashlist_cardinalities":[0,12,16,20,25,29,32,36],"hyperloglog_cardinalities":[47,55,62,73,86,99,108,112,117,121,130,134,140,144,151,154,159],"hyperloglog_slope":0.8523558499821406}