{"precision":4,"bits":6,"hash_list_bias":[0.0,0.001120312499999443,0.0191640624999998,0.03563281249999939,0.14437812499999936,0.48929062499999976,0.8730718750000008,1.4358265625000008,2.0514610179078403,2.717205808134075,3.0685922946754616,3.4304647351011504,4.1887570783904415,4.9913058699053074,5.837482053319238,6.277325631452477,7.433448593177268,8.420536479798676,9.4760281402213,10.604337417587237,12.126201192179755,14.100516133046535,16.476817559519596,20.0399581438096,24.94670597922533,30.532447918157025],"hyperloglog_relative_bias":[],"hash_list_cardinalities":[0,9,11,12,13,14,15,17,18,19,20,21,22,23,24,25,26,27,28,29,30,31,32,33,34,35],"hyperloglog_cardinalities":[]}