{"precision":5,"bits":4,"hashlist_smallest_maximal_cardinality":9,"hashlist_mean_maximal_cardinality":35,"hashlist_largest_maximal_cardinality":72,"hashlist_relative_errors":[0.0,0.056379278658869936,0.7959767981345252,2.009989253244637,3.2937723383439668,4.5467684778205495,6.682380790182677],"hyperloglog_relative_errors":[-4.8290771677616675,-4.49363674247757,-0.34479995119747997,2.576628238247906,4.2472933405303195,5.981516024720463,7.696886528131387,11.932457377910168,21.253444244359798],"hashlist_cardinalities":[0,12,17,22,26,29,33],"hyperloglog_cardinalities":[40,48,63,78,90,106,126,184,319],"hyperloglog_slope":0.9352811735717799}