{"precision":5,"bits":4,"hashlist_smallest_maximal_cardinality":9,"hashlist_mean_maximal_cardinality":35,"hashlist_largest_maximal_cardinality":70,"hashlist_relative_errors":[0.0,0.05629719331933991,0.7962517342267432,2.009538674330326,3.2930385049797977,4.546149317038207,6.68551569485534],"hyperloglog_relative_errors":[],"hashlist_cardinalities":[0,12,17,22,26,29,33],"hyperloglog_cardinalities":[],"hyperloglog_slope":1.0}