{"precision":5,"bits":5,"hashlist_smallest_maximal_cardinality":13,"hashlist_mean_maximal_cardinality":65,"hashlist_largest_maximal_cardinality":138,"hashlist_relative_errors":[0.0,0.08062713937954413,1.1660472052037,3.1666709780437756,6.333911011914111,10.571516664034398,14.659461580504875,19.991294262289372],"hyperloglog_relative_errors":[-0.6476298645965457,-0.5402003864292624,0.714799429387412,3.975511182846006,5.591593428966945,8.341724086994645,10.424549412581626,13.221591580812557,14.121940873723958,15.021945942045932,15.406859345273537,16.228373820459552,16.841669411712616,17.89751033714532,18.334656993709302,19.194454132718686,19.438354500332764,21.237859645873186],"hashlist_cardinalities":[0,18,23,29,36,43,48,53],"hyperloglog_cardinalities":[63,70,85,106,119,146,170,204,217,228,235,247,255,270,279,286,294,319],"hyperloglog_slope":0.9346769688804532}