{"precision":5,"bits":5,"hashlist_smallest_maximal_cardinality":17,"hashlist_mean_maximal_cardinality":65,"hashlist_largest_maximal_cardinality":130,"hashlist_relative_errors":[0.0,0.08067559501519384,1.1656716172693535,3.165670980768887,6.334309789899727,10.571799095700314,14.661638746137413,19.99480753010397],"hyperloglog_relative_errors":[],"hashlist_cardinalities":[0,18,23,29,36,43,48,53],"hyperloglog_cardinalities":[],"hyperloglog_slope":1.0}