{"precision":5,"bits":6,"hashlist_smallest_maximal_cardinality":15,"hashlist_mean_maximal_cardinality":64,"hashlist_largest_maximal_cardinality":130,"hashlist_relative_errors":[0.0,0.13631214378350265,1.5659926159340145,3.598663073881937,6.809370507878313,11.111777188604258,15.367416734859098,21.00354987014117],"hyperloglog_relative_errors":[],"hashlist_cardinalities":[0,17,23,29,36,43,48,53],"hyperloglog_cardinalities":[],"hyperloglog_slope":1.0}