{"precision":5,"bits":6,"hashlist_smallest_maximal_cardinality":13,"hashlist_mean_maximal_cardinality":64,"hashlist_largest_maximal_cardinality":135,"hashlist_relative_errors":[0.0,0.13644160076658096,1.5667933330397688,3.5994085929739796,6.8091278179844466,11.111773896249012,15.365938632478205,20.990364287504335],"hyperloglog_relative_errors":[-0.7635110817024753,-0.567112841741853,3.963488494738371,5.580956359039874,8.338076307532134,10.418574245058608,13.220850509425944,14.121068363915043,15.019964420264202,15.403537238325555,16.227098676623086,16.83933223755224,17.896042642001646,18.332856579378245,19.19304026635901,19.438175725452197,21.237098619771928],"hashlist_cardinalities":[0,17,23,29,36,43,48,53],"hyperloglog_cardinalities":[62,71,106,119,146,170,204,217,228,235,247,255,270,279,286,294,319],"hyperloglog_slope":0.9333703281114791}