{"precision":6,"bits":4,"hashlist_smallest_maximal_cardinality":20,"hashlist_mean_maximal_cardinality":67,"hashlist_largest_maximal_cardinality":123,"hashlist_relative_errors":[0.0,0.10217806183425893,1.300596645223692,3.605015558523121,6.348993114263337,9.138934422541809,12.87746529824561],"hyperloglog_relative_errors":[-12.608311522636896,-10.059935449184493,-3.6271321996835653,0.7596420919211369,3.1858384380192035,5.428401269681018,7.656749726439216,10.511302416925787,16.910803826226527,17.57286294887062,18.293581005259995,18.82806267463089,19.406440901794138,20.014261804162857,20.916986491627597],"hashlist_cardinalities":[0,25,33,43,52,59,66],"hyperloglog_cardinalities":[83,98,125,154,184,215,259,333,517,534,552,571,586,610,629],"hyperloglog_slope":0.9666204629101934}