{"precision":6,"bits":4,"hashlist_smallest_maximal_cardinality":21,"hashlist_mean_maximal_cardinality":71,"hashlist_largest_maximal_cardinality":115,"hashlist_relative_errors":[0.0,0.1021833679326214,1.3009908562701114,3.6071368041786513,6.350329701785931,9.141362891912408,12.883175711694832],"hyperloglog_relative_errors":[],"hashlist_cardinalities":[0,25,33,43,52,59,66],"hyperloglog_cardinalities":[],"hyperloglog_slope":1.0}