{"precision":6,"bits":5,"hashlist_smallest_maximal_cardinality":27,"hashlist_mean_maximal_cardinality":100,"hashlist_largest_maximal_cardinality":160,"hashlist_relative_errors":[0.0,0.16262928761806705,1.4615969070181194,3.452038454078128,5.60760458316404,7.787108132891305,10.29157727085969,13.15885001504202,17.864315467806833,24.20004304476656],"hyperloglog_relative_errors":[],"hashlist_cardinalities":[0,30,37,45,52,58,64,70,78,86],"hyperloglog_cardinalities":[],"hyperloglog_slope":1.0}