{"precision":6,"bits":5,"hashlist_smallest_maximal_cardinality":27,"hashlist_mean_maximal_cardinality":67,"hashlist_largest_maximal_cardinality":164,"hashlist_relative_errors":[0.0,0.16254428364822715,1.4605066086401095,3.450120531980403,5.605485086927182,7.785293550788808,10.29131815917556,13.155705938459832,17.860480153258678,24.207565378450923],"hyperloglog_relative_errors":[-4.931411819222653,-5.223895913724277,-0.4360124690843179,2.4835181271669455,5.172165984014157,7.492913827591451,11.745514271889363,16.902604158845065,17.56760741203114,18.18806183073707,18.714689797954254,19.138656342540987,19.723476452557293,20.012053674736876,20.915899908496186],"hashlist_cardinalities":[0,30,37,45,52,58,64,70,78,86],"hyperloglog_cardinalities":[102,118,154,180,215,259,368,517,534,552,565,579,597,610,629],"hyperloglog_slope":0.9664938111388977}