{
    "precision": 6,
    "bits": 6,
    "hashlist_smallest_maximal_cardinality": 89,
    "hashlist_mean_maximal_cardinality": 132,
    "hashlist_largest_maximal_cardinality": 199,
    "hashlist_relative_errors": [
        0.0,
        0.11570538065125646,
        1.0384757899595485,
        2.779596684654912,
        6.673639810102806,
        9.980300308216187,
        13.382661979340156,
        17.299602627428627,
        22.460015503414837,
        26.191974007988946,
        29.654206559380725,
        33.709661073555,
        39.502104270401276
    ],
    "hyperloglog_relative_errors": [
        -2.3855275550101283,
        -2.733745926965298,
        -2.0838244932997725,
        0.26399064354504276,
        1.5183496344579481,
        3.1504724479435,
        4.10095921008558,
        5.193324799947071,
        6.342279282343009,
        6.869896564186225,
        8.060726580008714,
        11.864476541238389,
        13.514729499512967,
        14.107330562839024,
        14.931508721596723,
        15.310870557849285,
        15.833255061593945,
        16.043530824370308,
        16.870906795936776,
        17.638424279181635,
        18.301539638999163,
        18.641582368227585,
        18.961658938363644,
        19.574803571186816,
        20.153246867308365,
        20.782730170265342,
        21.01038153693903,
        21.469020318187678
    ],
    "hashlist_cardinalities": [
        0,
        33,
        38,
        45,
        57,
        65,
        72,
        79,
        87,
        92,
        96,
        100,
        105
    ],
    "hyperloglog_cardinalities": [
        129,
        142,
        155,
        180,
        192,
        207,
        219,
        236,
        254,
        266,
        291,
        379,
        425,
        440,
        459,
        471,
        482,
        498,
        509,
        524,
        538,
        552,
        564,
        576,
        588,
        606,
        620,
        632
    ],
    "hyperloglog_slope": 0.962493603174482
}