{"precision":6,"bits":6,"hashlist_smallest_maximal_cardinality":31,"hashlist_mean_maximal_cardinality":132,"hashlist_largest_maximal_cardinality":218,"hashlist_relative_errors":[0.0,0.11630393323402899,1.0396988377299934,2.7799467368844404,6.676597781803167,9.53352901196915,13.38074796472884,17.298491247550487,21.775293935079546,25.39415697393315,29.645026797292388,33.680714551475916,39.47756739903306],"hyperloglog_relative_errors":[],"hashlist_cardinalities":[0,33,38,45,57,64,72,79,86,91,96,100,105],"hyperloglog_cardinalities":[],"hyperloglog_slope":1.0}