{"precision":6,"bits":6,"hashlist_smallest_maximal_cardinality":30,"hashlist_mean_maximal_cardinality":67,"hashlist_largest_maximal_cardinality":224,"hashlist_relative_errors":[0.0,0.11608524009766796,1.0389070770897177,2.7783221738938977,6.675176666601175,9.97851192754797,13.379360629780123,17.29579562388068,21.77246152110243,26.181002882014297,29.641730363754334,33.68740709328591,39.48851972940463],"hyperloglog_relative_errors":[-2.4195704090982986,-2.5338552882892458,1.1420510001549928,3.474980075834196,6.38757912534146,8.58996468692078,13.201646195490298,16.95991103465053,17.528699573555134,18.049969364339063,18.778353433551842,19.38515847235097,19.994952186305568,20.905046712179484],"hashlist_cardinalities":[0,33,38,45,57,65,72,79,86,92,96,100,105],"hyperloglog_cardinalities":[129,146,189,215,259,303,414,519,534,552,570,586,610,629],"hyperloglog_slope":0.9661303021916643}