{"precision":7,"bits":4,"hashlist_smallest_maximal_cardinality":32,"hashlist_mean_maximal_cardinality":67,"hashlist_largest_maximal_cardinality":211,"hashlist_relative_errors":[0.0,0.23013453226482739,0.6530266871388406,2.3603441352887558,4.421376103505509,6.850051356412308,9.665134836870692,12.545887091540152,15.410505240352364,18.30222259677285,21.24478579951773,24.602585676350202],"hyperloglog_relative_errors":[-28.883215072659013,-18.021529899975107,-10.301366868053435,-4.737420332956589,-0.550653507410459,2.0640310544983436,3.9594892345443213,5.373986117240975,6.73196750867578,9.10631513042324,13.474548588649327,13.997068760007778,15.398778809997111,15.992384645634985,16.466719097645136,17.50764184580991,17.892208824733416,20.642377671270538],"hashlist_cardinalities":[0,51,55,65,75,85,95,104,112,119,125,131],"hyperloglog_cardinalities":[171,219,269,298,353,391,428,463,506,607,849,888,962,990,1017,1074,1118,1270],"hyperloglog_slope":0.9832669391186397}