{"precision":7,"bits":4,"hashlist_smallest_maximal_cardinality":44,"hashlist_mean_maximal_cardinality":144,"hashlist_largest_maximal_cardinality":200,"hashlist_relative_errors":[0.0,0.2304815160662841,0.6533624816828407,2.36049282500052,4.422068771210732,6.851839401390251,9.365613097970282,12.546796229614841,15.410244590151834,18.30560521076876,21.24833064852089,24.620248855274582],"hyperloglog_relative_errors":[],"hashlist_cardinalities":[0,51,55,65,75,85,94,104,112,119,125,131],"hyperloglog_cardinalities":[],"hyperloglog_slope":1.0}