{"precision":7,"bits":5,"hashlist_smallest_maximal_cardinality":56,"hashlist_mean_maximal_cardinality":67,"hashlist_largest_maximal_cardinality":294,"hashlist_relative_errors":[0.0,0.025160238263396195,0.27349651840759037,2.879741612382503,6.547938589075045,10.438410840136612,14.658228697713412,19.520729873721706,24.581405638581316,30.264146310469698,34.998617929669166,39.95269868049084,46.5807819165357],"hyperloglog_relative_errors":[-13.364187787841182,-14.399352486175303,-9.942284365813578,-4.84977192323143,-0.9730581111128913,1.089804505881716,3.011602498851289,4.621955638348481,6.274581249520452,8.16985422394248,10.389605938189334,15.28869417926262,16.323187272562564,16.497990399503806,17.819524889616048,18.735551047318797,20.170527922412507,20.64400312017012],"hashlist_cardinalities":[0,40,60,74,89,102,114,126,137,148,156,163,171],"hyperloglog_cardinalities":[211,241,272,298,349,377,410,445,492,564,674,967,1006,1038,1094,1160,1234,1268],"hyperloglog_slope":0.9832567745762195}