{"precision":7,"bits":5,"hashlist_smallest_maximal_cardinality":59,"hashlist_mean_maximal_cardinality":202,"hashlist_largest_maximal_cardinality":278,"hashlist_relative_errors":[0.0,0.025226633649751307,0.2734013974595868,2.8793249629146516,6.548774803016386,10.114980183263356,14.283449942648076,19.094592963740126,24.58312189732635,30.26672494053824,35.002527001357095,39.95395975978906,46.58515887786638],"hyperloglog_relative_errors":[],"hashlist_cardinalities":[0,40,60,74,89,101,113,125,137,148,156,163,171],"hyperloglog_cardinalities":[],"hyperloglog_slope":1.0}