{"precision":7,"bits":6,"hashlist_smallest_maximal_cardinality":66,"hashlist_mean_maximal_cardinality":267,"hashlist_largest_maximal_cardinality":366,"hashlist_relative_errors":[0.0,0.035879724615163866,0.2883205288963353,2.4883015349285955,5.488442564770779,9.052027703901231,12.847033609410133,18.892245578825793,26.009250219227482,33.71381512109957,42.511663778546534,51.75834099817129,59.08416544918691,66.95273698565217,77.38164615373779],"hyperloglog_relative_errors":[],"hashlist_cardinalities":[0,48,67,78,90,102,113,128,143,157,171,184,193,201,210],"hyperloglog_cardinalities":[],"hyperloglog_slope":1.0}