{"precision":7,"bits":6,"hashlist_smallest_maximal_cardinality":48,"hashlist_mean_maximal_cardinality":67,"hashlist_largest_maximal_cardinality":376,"hashlist_relative_errors":[0.0,0.03583163247984089,0.28828612423582456,2.488151397319328,5.487838300282476,9.052237548945655,12.847095107195912,18.888819448635417,25.500132257064934,33.122997533284604,41.84197346710806,51.0059998160323,59.08408571082799,66.94786405818292,77.39005014810715],"hyperloglog_relative_errors":[-5.237677199769678,-7.102657890465916,-6.4787451143953945,-2.145061765655612,1.7966827096675502,3.7005032395645117,4.967254329876766,7.25163967903643,9.867696281956228,13.201142149560184,14.019880951788934,15.40169431738775,15.915487753613007,16.401088973887454,17.390469397108063,17.80722815566628,20.608837307975648],"hashlist_cardinalities":[0,48,67,78,90,102,113,128,142,156,170,183,193,201,210],"hyperloglog_cardinalities":[265,290,317,353,421,460,492,564,674,836,885,963,990,1016,1073,1098,1257],"hyperloglog_slope":0.9827852234760185}