{"precision":8,"bits":4,"hashlist_smallest_maximal_cardinality":90,"hashlist_mean_maximal_cardinality":291,"hashlist_largest_maximal_cardinality":372,"hashlist_relative_errors":[0.0,0.025312807711799223,0.3620309161446471,1.0231389242252646,3.835208380959955,7.5772308289501495,11.97075105256826,17.3379156674971,22.847981520210766,29.404175517771733,35.61222887384184,41.17282417107492,47.17109974539261],"hyperloglog_relative_errors":[],"hashlist_cardinalities":[0,77,102,109,126,145,164,184,202,221,237,249,260],"hyperloglog_cardinalities":[],"hyperloglog_slope":1.0}