{"precision":8,"bits":4,"hashlist_smallest_maximal_cardinality":86,"hashlist_mean_maximal_cardinality":67,"hashlist_largest_maximal_cardinality":380,"hashlist_relative_errors":[0.0,0.0253918845429979,0.3622012043251601,1.023716255863249,4.018213480970388,7.793046705612312,12.222429840336275,17.338619518292376,22.850586311856517,29.039720175405904,35.61240505948547,40.67432551907888,47.184452804368334],"hyperloglog_relative_errors":[-62.18336988605032,-47.13106745720349,-31.292714274967427,-19.830008355849657,-12.714127580089439,-6.798280190113019,-1.7393282002588535,1.1192913080355993,3.63951331093358,5.839153833944351,7.593092925207429,9.313233846236471,10.330871204891537,10.872909395431918,11.92508424890328,13.679626839218145,16.068075684220325,16.54431798980543,17.901347411180847,18.6201231340483,20.73157671892932],"hashlist_cardinalities":[0,77,102,109,127,146,165,184,202,220,237,248,260],"hyperloglog_cardinalities":[349,409,474,558,620,701,762,848,924,1018,1120,1253,1346,1405,1509,1742,1976,2030,2193,2294,2559],"hyperloglog_slope":0.9917078250102794}