{"precision":8,"bits":5,"hashlist_smallest_maximal_cardinality":120,"hashlist_mean_maximal_cardinality":408,"hashlist_largest_maximal_cardinality":523,"hashlist_relative_errors":[0.0,0.027361716779381595,0.34758366635846016,1.7624812035946604,5.104010787462556,8.245050692334416,11.753128987757265,18.968907219979428,26.7460346327056,35.684058052427815,45.85146841472954,52.17132235260033,57.85932939899914,67.35408821740779,76.35394934500817,86.90446426086297],"hyperloglog_relative_errors":[],"hashlist_cardinalities":[0,95,120,129,146,160,174,199,222,245,268,281,292,305,320,333],"hyperloglog_cardinalities":[],"hyperloglog_slope":1.0}