{"precision":8,"bits":5,"hashlist_smallest_maximal_cardinality":117,"hashlist_mean_maximal_cardinality":67,"hashlist_largest_maximal_cardinality":526,"hashlist_relative_errors":[0.0,0.02730441729698896,0.34761777845270103,1.946191765908992,5.104513525838797,8.246113167311364,11.753338783681528,18.970081529380366,26.747191465265047,35.683225119211045,45.851285453901596,57.330762646303185,64.43647195169814,71.96446600414299,81.22359593367807,89.84832819632476],"hyperloglog_relative_errors":[-32.93250141596226,-30.489003851776886,-20.927340501415983,-11.365848260918028,-6.242537892086602,-2.8802380040399385,0.09695717297051942,2.99772506782233,5.188667867452523,7.5904173918859215,9.312015559431984,10.149410963103719,10.844994986809434,14.764893212611469,16.073707550817442,16.597491819471152,17.89719524487564,18.423797384450722,18.70909617969784,20.73301630318838],"hashlist_cardinalities":[0,95,120,130,146,160,174,199,222,245,268,291,304,313,326,340],"hyperloglog_cardinalities":[433,487,542,632,692,762,823,903,987,1120,1253,1326,1385,1831,1977,2042,2193,2247,2301,2559],"hyperloglog_slope":0.9917037125510341}