{"precision":8,"bits":6,"hashlist_smallest_maximal_cardinality":415,"hashlist_mean_maximal_cardinality":67,"hashlist_largest_maximal_cardinality":696,"hashlist_relative_errors":[0.0,0.023707292320864326,0.7967942216629211,4.2311567024856345,9.836580487482877,16.1582723102579,23.473512091460577,28.672437658480078,34.73452818883999,40.86760811141079,47.476897454963705,54.06012439109929,61.64582666745406,69.76674321415885,77.80229306220497,87.01718935526594,96.82920486495516,107.26789500135163,120.30661746860898,134.93353622521323,148.6413524820665],"hyperloglog_relative_errors":[-14.207247588718966,-17.041071052880472,-9.066954400458258,-4.664241471750302,-1.7801080117036463,0.5031026477315663,2.756288162845294,5.153365586187874,6.760124908331591,8.69044428967345,10.453685068576595,11.544359277356572,15.975295734326721,16.544439958939684,17.86002072801169,18.270961860248917,18.67955081250226,20.71464140310627],"hashlist_cardinalities":[0,111,134,154,177,199,221,235,250,264,278,291,305,319,332,346,360,374,386,401,417],"hyperloglog_cardinalities":[540,595,679,762,817,871,938,1035,1120,1253,1385,1502,1976,2042,2193,2247,2301,2559],"hyperloglog_slope":0.9915969245904215}