{"precision":8,"bits":6,"hashlist_smallest_maximal_cardinality":434,"hashlist_mean_maximal_cardinality":537,"hashlist_largest_maximal_cardinality":680,"hashlist_relative_errors":[0.0,0.023778423562987427,0.7971843651800725,4.009556515700723,9.570292368740127,16.468083921759956,23.47397803429675,29.061141615030067,35.15662568917725,41.325994111204864,47.47678411441035,54.060434322697404,62.20695985205492,69.76738398112457,77.80155548239213,87.01636461792071,96.82781770913402,107.26699601159459,120.30739000751925,134.37275709786246,148.58822841512972],"hyperloglog_relative_errors":[],"hashlist_cardinalities":[0,111,134,153,176,200,221,236,251,265,278,291,306,319,332,346,360,374,386,401,417],"hyperloglog_cardinalities":[],"hyperloglog_slope":1.0}