{"precision":9,"bits":4,"hashlist_smallest_maximal_cardinality":207,"hashlist_mean_maximal_cardinality":584,"hashlist_largest_maximal_cardinality":693,"hashlist_relative_errors":[0.0,0.052347180322271925,0.3033868141626783,1.1236016580473915,6.882598024005802,14.000420772289146,22.10608810832332,27.132786416279714,32.26224545235249,42.65677680297438,48.82379797991632,55.72568414084833,63.06457743550493,72.74213766869315,82.6012702617852,91.15684420514515],"hyperloglog_relative_errors":[],"hashlist_cardinalities":[0,155,186,205,248,285,321,341,360,395,414,434,454,473,495,516],"hyperloglog_cardinalities":[],"hyperloglog_slope":1.0}