{"precision":9,"bits":4,"hashlist_smallest_maximal_cardinality":191,"hashlist_mean_maximal_cardinality":67,"hashlist_largest_maximal_cardinality":705,"hashlist_relative_errors":[0.0,0.052474043006924376,0.3035184497583714,1.1233332147506399,6.881198558952065,10.386914918163995,14.20887880591556,22.590930561736172,27.130917461898093,32.26171275133805,42.65364664438732,48.81914260892688,55.367707584170034,62.68407360756339,72.53829749590864,82.35601977347017,91.18641552627048],"hyperloglog_relative_errors":[-127.77945774350941,-94.9824410965131,-72.30462081375936,-53.681002836558605,-38.58278999531797,-26.179217711069782,-16.757475605701188,-8.271620645982352,-3.180737313373129,1.25682735737837,4.663900160388191,6.647503286035089,7.634425030968487,8.744723328094096,10.74718559841549,12.042225421104604,12.733372128743213,14.277489461824254,14.667364721623768,15.159715295731075,15.896918945464366,16.29506782784574,20.879093757643204],"hashlist_cardinalities":[0,155,186,205,248,267,286,323,341,360,395,414,433,453,472,494,516],"hyperloglog_cardinalities":[707,825,941,1048,1162,1281,1397,1549,1702,1851,2032,2221,2350,2497,2782,3072,3276,3508,3614,3733,3891,4103,5041],"hyperloglog_slope":0.9958030180467644}