{"precision":9,"bits":5,"hashlist_smallest_maximal_cardinality":693,"hashlist_mean_maximal_cardinality":223,"hashlist_largest_maximal_cardinality":981,"hashlist_relative_errors":[0.0,0.036909600590831815,0.2076404428294154,0.8880958291531442,3.4412004803594414,9.4750580630934,15.43059176729463,22.064195285004132,28.547715132995506,35.2973774188448,42.58298317647058,50.42632721057521,59.21944795861293,67.84713961205705,77.46084241279232,86.78816320874478,99.08080485845721,110.66721330372718,123.49310715513684,141.6246956414683,159.4269410234284,174.67441952149693],"hyperloglog_relative_errors":[-72.91021722734843,-56.70853995335407,-38.35125350237831,-24.863095366836887,-16.51152965020981,-7.8313802281581575,-2.70473326556903,1.4345070781556128,4.468948760932487,6.2962594468605175,9.223548617617174,9.688166611247743,17.92083322450162,17.813322924398765,18.52750116751247,19.57980456618452,20.150147459119747,20.640003351636413],"hashlist_cardinalities":[0,184,218,240,258,289,316,343,367,390,413,436,460,482,505,526,552,575,599,623,650,676],"hyperloglog_cardinalities":[880,1011,1143,1301,1403,1545,1701,1863,2035,2194,2501,2610,4293,4402,4519,4780,4889,5027],"hyperloglog_slope":0.9957327277169714}