{"precision":9,"bits":5,"hashlist_smallest_maximal_cardinality":694,"hashlist_mean_maximal_cardinality":671,"hashlist_largest_maximal_cardinality":967,"hashlist_relative_errors":[0.0,0.03695397631994979,0.207799623201538,0.8883554034264733,3.441841254613678,9.47530584539021,15.199738003335654,22.065270962281033,28.26826134389961,35.296693641574166,42.586345978909264,50.428143830159,59.22165945838378,67.85008113871243,77.89314671471345,87.7070475846457,99.57344864991887,112.23420179446362,125.70559357697289,143.14528355509816,160.14260657167142,174.6407411534792],"hyperloglog_relative_errors":[],"hashlist_cardinalities":[0,184,218,240,258,289,315,343,366,390,413,436,460,482,506,528,553,578,603,626,652,676],"hyperloglog_cardinalities":[],"hyperloglog_slope":1.0}