{"precision":9,"bits":6,"hashlist_smallest_maximal_cardinality":919,"hashlist_mean_maximal_cardinality":335,"hashlist_largest_maximal_cardinality":1276,"hashlist_relative_errors":[0.0,0.046485714568660796,0.4239476749432072,3.7077191771029447,8.810481643016033,13.708478251302893,19.285822354189918,25.330865502007384,31.55101554453921,38.21969694785611,45.00329554008823,55.60391980084705,66.31993226482894,77.88343518610259,90.80546944469427,104.70200535116658,118.51844723116255,134.41628166863836,150.16222869711567,168.88209715701134,189.59010978695085,210.1957932897751,238.35915962026695,265.7392631863663,291.2547862245606],"hyperloglog_relative_errors":[-32.435041969649376,-37.91294984301851,-23.82201675002125,-14.729377763399043,-7.453324087296955,-1.7175400748336074,0.32680228961294233,3.5216879219446326,5.537737762592163,7.993054294142591,9.068363617295661,11.889916123100717,12.160660565516537,12.601707711555884,17.29807739827902,17.376455294530025,17.92883681942779,18.338349814380308,18.865230038546905,19.26846575147508,19.74643381316909,20.15569021358733,20.81316682591114],"hashlist_cardinalities":[0,222,263,286,310,331,353,375,396,417,437,466,493,520,548,576,602,630,656,685,715,743,769,801,831],"hyperloglog_cardinalities":[1093,1192,1304,1458,1581,1743,1856,2007,2168,2399,2526,3002,3100,3199,4140,4272,4374,4489,4601,4726,4825,4930,5119],"hyperloglog_slope":0.9958478704108964}