{"precision":9,"bits":6,"hashlist_smallest_maximal_cardinality":921,"hashlist_mean_maximal_cardinality":671,"hashlist_largest_maximal_cardinality":1267,"hashlist_relative_errors":[0.0,0.04658292297384037,0.4240593671944737,3.307035052044853,8.588092851645513,13.708582717892114,19.28504225901895,25.330963855758682,31.549420326207724,38.22033444527949,45.00158957763381,54.461380321155616,66.31872443423288,78.33068765163534,91.76634085877083,105.2191044848804,120.17140488251846,134.41711310892026,150.16431531186458,168.88774987782017,189.59028310971792,210.19654659585808,238.76448567391765,265.4432406807879,291.25065653564684],"hyperloglog_relative_errors":[],"hashlist_cardinalities":[0,222,263,284,309,331,353,375,396,417,437,463,493,521,550,577,605,630,656,685,715,743,770,801,831],"hyperloglog_cardinalities":[],"hyperloglog_slope":1.0}